X;Y;ID;TIPO;CALLE_AUTO;ALTURA;KM;INTERSECCI;VELOCIDAD;DIRECCION_;CALLE_NORM;INTERSEC_1;CODIGO_POS;CODIGO_P_1;LAT_WGS84;LONG_WGS84;BARRIO;COMUNA
-58.4408474889372;-34.6228948707961;1;DETECCION DE VIOLACION DE LUZ ROJA;AV.JUAN B. ALBERDI Y CENTENERA;0;;;0;ALBERDI, JUAN BAUTISTA AV. y BARCO CENTENERA DEL;ALBERDI, JUAN BAUTISTA AV.;BARCO CENTENERA DEL;;;-34.62289487000000300;-58.44084749000000300;CABALLITO;COMUNA 6
-58.5022011889306;-34.6513264207971;2;DETECCION DE VIOLACION DE LUZ ROJA;J.B.ALBERDI Y LARRAZABAL;0;;;0;ALBERDI, JUAN BAUTISTA AV. y LARRAZABAL;ALBERDI, JUAN BAUTISTA AV.;LARRAZABAL;;;-34.65132641999999700;-58.50220119000000100;MATADEROS;COMUNA 9
-58.4584749689335;-34.6044880007991;3;DETECCION DE VIOLACION DE LUZ ROJA;AV.J.B.JUSTO Y AV.SAN MARTIN;0;;;0;JUSTO, JUAN B. AV. y SAN MARTIN AV.;JUSTO, JUAN B. AV.;SAN MARTIN AV.;;;-34.60448800000000300;-58.45847496999999700;VILLA CRESPO;COMUNA 15
-58.4364593189375;-34.6182958907962;4;DETECCION DE VIOLACION DE LUZ ROJA;AV. RIVADAVIA Y ACOYTE;0;;;0;RIVADAVIA AV. y ACOYTE AV.;RIVADAVIA AV.;ACOYTE AV.;;;-34.61829588999999900;-58.43645931999999700;CABALLITO;COMUNA 6
-58.3801634689454;-34.6197568307925;5;DETECCION DE VIOLACION DE LUZ ROJA;BERNARDO DE IRIGOYEN Y CARLOS CALVO;0;;;0;IRIGOYEN, BERNARDO DE y CALVO, CARLOS;IRIGOYEN, BERNARDO DE;CALVO, CARLOS;;;-34.61975683000000000;-58.38016346999999900;CONSTITUCION;COMUNA 1
-58.4488761889333;-34.5827548108007;6;DETECCION DE VIOLACION DE LUZ ROJA;AV. CORDOBA Y  JORGE NEWBERY;0;;;0;CORDOBA AV. y NEWBERY, JORGE AV.;CORDOBA AV.;NEWBERY, JORGE AV.;;;-34.58275480999999700;-58.44887619000000000;CHACARITA;COMUNA 15
-58.521604588927;-34.6390113007996;7;DETECCION DE VIOLACION DE LUZ ROJA;AV. RIVADAVIA;11124;;;0;RIVADAVIA AV. 11124;RIVADAVIA AV.;;1408;C1408AAY;-34.63901130000000000;-58.52160459000000300;LINIERS;COMUNA 9
-58.4285540489386;-34.6182900007958;8;DETECCION DE VIOLACION DE LUZ ROJA;ROSARIO Y AV. LA PLATA;0;;;0;ROSARIO y LA PLATA AV.;ROSARIO;LA PLATA;;;-34.61829000000000200;-58.42855405000000200;CABALLITO;COMUNA 6
-58.4300627889367;-34.5942988207983;9;DETECCION DE VIOLACION DE LUZ ROJA;AV. CORDOBA Y ESCALABRINI ORTIZ;0;;;0;CORDOBA AV. y SCALABRINI ORTIZ, RAUL AV.;CORDOBA AV.;SCALABRINI ORTIZ, RAUL AV.;;;-34.59429881999999900;-58.43006279000000100;PALERMO;COMUNA 14
-58.4291724289369;-34.5948517307982;10;DETECCION DE VIOLACION DE LUZ ROJA;AV. CORDOBA Y ARAOZ;0;;;0;CORDOBA AV. y ARAOZ;CORDOBA AV.;ARAOZ;;;-34.59485173000000200;-58.42917243000000100;PALERMO;COMUNA 14
-58.456076978935;-34.6212000007972;11;DETECCION DE VIOLACION DE LUZ ROJA;AV. AVELLANEDA Y DONATO ALVAREZ;0;;;0;AVELLANEDA AV. y ALVAREZ, DONATO, TTE. GRAL.;AVELLANEDA AV.;ALVAREZ, DONATO, TTE. GRAL.;;;-34.62120000000000200;-58.45607697999999900;CABALLITO;COMUNA 6
-58.503487138926;-34.5870635408038;12;DETECCION DE VIOLACION DE LUZ ROJA;AV. MOSCONI Y ARGERICH;0;;;0;MOSCONI GENERAL AV. y ARGERICH;MOSCONI GENERAL AV.;ARGERICH;;;-34.58706354000000300;-58.50348713999999700;VILLA PUEYRREDON;COMUNA 12
-58.4401591889349;-34.5875980707996;13;DETECCION DE VIOLACION DE LUZ ROJA;AV. CORDOBA Y FITZ ROY;0;;;0;CORDOBA AV. y FITZ ROY;CORDOBA AV.;FITZ ROY;;;-34.58759806999999900;-58.44015919000000300;PALERMO;COMUNA 14
-58.4381790589335;-34.562944760802;14;DETECCION DE VIOLACION DE LUZ ROJA;AV. DEL LIBERTADOR Y FEDERICO LACROCE;0;;;0;DEL LIBERTADOR AV. y LACROZE, FEDERICO;DEL LIBERTADOR AV.;LACROZE, FEDERICO;;;-34.56294476000000100;-58.43817906000000300;PALERMO;COMUNA 14
-58.3738455789445;-34.5935643807948;15;DETECCION DE VIOLACION DE LUZ ROJA;AV. LEANDO N. ALEM Y SAN MARTIN;0;;;0;ALEM, LEANDRO N. AV. y SAN MARTIN;ALEM, LEANDRO N. AV.;SAN MARTIN;;;-34.59356437999999700;-58.37384558000000100;RETIRO;COMUNA 1
-58.3686899989468;-34.6170009707921;16;DETECCION DE VIOLACION DE LUZ ROJA;AV. PASEO COLON E INDEPENDENCIA;0;;;0;PASEO COLON AV. e INDEPENDENCIA AV.;PASEO COLON AV.;INDEPENDENCIA AV.;;;-34.61700096999999900;-58.36869000000000100;SAN TELMO;COMUNA 1
-58.4059707889412;-34.6101160907951;17;DETECCION DE VIOLACION DE LUZ ROJA;AV. RIVADAVIA Y AV. JUJUY;0;;;0;RIVADAVIA AV. y JUJUY AV.;RIVADAVIA AV.;JUJUY AV.;;;-34.61011608999999800;-58.40597078999999800;BALVANERA;COMUNA 3
-58.4056107889431;-34.6371173807924;18;DETECCION DE VIOLACION DE LUZ ROJA;AV. CASEROS Y LA RIOJA;0;;;0;CASEROS AV. y LA RIOJA;CASEROS AV.;LA RIOJA;;;-34.63711737999999900;-58.40561078999999700;PARQUE PATRICIOS;COMUNA 4
-58.3827242589434;-34.5954624107952;19;DETECCION DE VIOLACION DE LUZ ROJA;AV. SANTA FE Y CERRITO;0;;;0;SANTA FE AV. y CERRITO;SANTA FE AV.;CERRITO;;;-34.59546241000000300;-58.38272426000000300;RETIRO;COMUNA 1
-58.3813070789432;-34.5903134207956;20;DETECCION DE VIOLACION DE LUZ ROJA;AV. CARLOS PELLEGRINI;1515;;;0;PELLEGRINI, CARLOS 1515;PELLEGRINI, CARLOS;;1011;C1011AAE;-34.59031342000000100;-58.38130707999999900;RETIRO;COMUNA 1
-58.471371888929;-34.5654500008039;21;CONTROLADOR DE INVASION DE SENDA PEATONAL Y VIOLACION DE LUZ ROJA;AV. MONROE Y MELIAN;0;;;0;MONROE AV. y MELIAN AV.;MONROE AV.;MELIAN AV.;;;-34.56544999999999800;-58.47137189000000000;COGHLAN;COMUNA 12
-58.3801883489459;-34.6263653707918;22;CONTROLADOR DE INVASION DE SENDA PEATONAL Y VIOLACION DE LUZ ROJA;AV. GARAY Y LIMA;0;;;0;GARAY, JUAN DE AV. y LIMA;GARAY, JUAN DE AV.;LIMA;;;-34.62636537000000200;-58.38018834999999700;CONSTITUCION;COMUNA 1
-58.3814385289458;-34.6277983007918;23;CONTROLADOR DE INVASION DE SENDA PEATONAL Y VIOLACION DE LUZ ROJA;AV. BRASIL Y LIMA;0;;;0;BRASIL y LIMA;BRASIL;LIMA;;;-34.62779830000000200;-58.38143852999999700;CONSTITUCION;COMUNA 1
-58.3853589689434;-34.6005058707948;24;CONTROLADOR DE INVASION DE SENDA PEATONAL Y VIOLACION DE LUZ ROJA;TALCAHUANO Y VIAMONTE;0;;;0;TALCAHUANO y VIAMONTE;TALCAHUANO;VIAMONTE;;;-34.60050586999999900;-58.38535896999999900;SAN NICOLAS;COMUNA 1
-58.4180692589402;-34.6210874307948;25;CONTROLADOR DE INVASION DE SENDA PEATONAL Y VIOLACION DE LUZ ROJA;AV. INDEPENDENCIA Y COLOMBRES;0;;;0;INDEPENDENCIA AV. y COLOMBRES;INDEPENDENCIA AV.;COLOMBRES;;;-34.62108743000000300;-58.41806926000000300;ALMAGRO;COMUNA 5
-58.4126433489392;-34.5947300007971;26;CONTROLADOR DE INVASION DE SENDA PEATONAL Y VIOLACION DE LUZ ROJA;SANCHEZ DE BUSTAMANTE Y PARAGUAY;0;;;0;SANCHEZ DE BUSTAMANTE y PARAGUAY;SANCHEZ DE BUSTAMANTE;PARAGUAY;;;-34.59472999999999800;-58.41264335000000300;RECOLETA;COMUNA 2
-58.4766513189294;-34.5830355608025;27;CONTROLADOR DE INVASION DE SENDA PEATONAL Y VIOLACION DE LUZ ROJA;AV. LOS INCAS Y GAMARRA;0;;;0;DE LOS INCAS AV. y GAMARRA;DE LOS INCAS AV.;GAMARRA;;;-34.58303555999999900;-58.47665132000000200;PARQUE CHAS;COMUNA 15
-58.4004263189429;-34.6235575007934;28;CONTROLADOR DE INVASION DE SENDA PEATONAL Y VIOLACION DE LUZ ROJA;AV. SAN JUAN ESQUINA ALBERTI;0;;;0;SAN JUAN AV. y ALBERTI;SAN JUAN AV.;ALBERTI;;;-34.62355749999999700;-58.40042632000000100;SAN CRISTOBAL;COMUNA 3
-58.479927718933;-34.6412975507967;29;CONTROLADOR DE INVASION DE SENDA PEATONAL Y VIOLACION DE LUZ ROJA;AV. DIRECTORIO Y LACARRA;0;;;0;DIRECTORIO AV. y LACARRA;DIRECTORIO AV.;LACARRA;;;-34.64129754999999700;-58.47992771999999900;PARQUE AVELLANEDA;COMUNA 9
-58.4392878189362;-34.6056017507977;30;CONTROLADOR DE INVASION DE SENDA PEATONAL Y VIOLACION DE LUZ ROJA;AV. ANGEL GALLARDO Y MARECHAL;0;;;0;GALLARDO, ANGEL AV. y MARECHAL, LEOPOLDO;GALLARDO, ANGEL AV.;MARECHAL, LEOPOLDO;;;-34.60560174999999800;-58.43928781999999700;VILLA CRESPO;COMUNA 15
-58.4323618189363;-34.5927782607986;31;CONTROLADOR DE INVASION DE SENDA PEATONAL Y VIOLACION DE LUZ ROJA;AV. CORDOBA Y ARMENIA;0;;;0;CORDOBA AV. y ARMENIA;CORDOBA AV.;ARMENIA;;;-34.59277826000000300;-58.43236181999999700;PALERMO;COMUNA 14
-58.390358328945;-34.6341182207917;32;CONTROLADOR DE INVASION DE SENDA PEATONAL Y VIOLACION DE LUZ ROJA;AV. VELEZ SARFIELD Y  AV. CASEROS;0;;;0;VELEZ SARSFIELD AV. y CASEROS AV.;VELEZ SARSFIELD AV.;CASEROS AV.;;;-34.63411821999999800;-58.39035832999999800;PARQUE PATRICIOS;COMUNA 4
-58.4353099989332;-34.5531547608028;33;CONTROLADOR DE INVASION DE SENDA PEATONAL Y VIOLACION DE LUZ ROJA;AV. FIGUEROA ALCORTA Y LA PAMPA;0;;;0;FIGUEROA ALCORTA, PRES. AV. y LA PAMPA;FIGUEROA ALCORTA, PRES. AV.;LA PAMPA;;;-34.55315475999999800;-58.43531000000000100;BELGRANO;COMUNA 13
-58.3814914589436;-34.5953579907951;34;DETECCION DE VIOLACION DE LUZ ROJA;AV. SANTA FE Y C.  PELLEGRINI;983;;;0;SANTA FE AV. y PELLEGRINI, CARLOS;SANTA FE AV.;PELLEGRINI, CARLOS;;;-34.59535798999999700;-58.38149145999999900;RETIRO;COMUNA 1
-58.4233709989379;-34.5977415907975;35;DETECCION DE VIOLACION DE LUZ ROJA;AV. CORDOBA Y GASCON;0;;;0;CORDOBA AV. y GASCON;CORDOBA AV.;GASCON;;;-34.59774158999999800;-58.42337100000000300;PALERMO;COMUNA 14
-58.4780826989298;-34.5911208408017;36;DETECCION DE VIOLACION DE LUZ ROJA;AV. DE LOS CONSTITUYENTES Y BARZANA;3100;;;0;DE LOS CONSTITUYENTES AV. y BARZANA;DE LOS CONSTITUYENTES AV.;BARZANA;;;-34.59112084000000200;-58.47808270000000200;PARQUE CHAS;COMUNA 15
-58.3828425989429;-34.5882234507959;37;DETECCION DE VIOLACION DE LUZ ROJA;AV. DEL LIBERTADOR Y LIBERTAD;0;;;0;DEL LIBERTADOR AV. y LIBERTAD;DEL LIBERTADOR AV.;LIBERTAD;;;-34.58822345000000100;-58.38284259999999600;RETIRO;COMUNA 1
-58.3814335489454;-34.6221573607923;38;DETECCION DE VIOLACION DE LUZ ROJA;AV. SAN JUAN Y LIMA;0;;;0;SAN JUAN AV. y LIMA;SAN JUAN AV.;LIMA;;;-34.62215736000000300;-58.38143354999999700;CONSTITUCION;COMUNA 1
-58.4265350189361;-34.5781652907997;39;DETECCION DE VIOLACION DE LUZ ROJA;AV. JUAN B. JUSTO Y AV. SANTA FE;0;;;0;JUSTO, JUAN B. AV. y SANTA FE AV.;JUSTO, JUAN B. AV.;SANTA FE AV.;;;-34.57816529000000100;-58.42653502000000300;PALERMO;COMUNA 14
-58.4443540689366;-34.6217239607964;41;DETECCION DE VIOLACION DE LUZ ROJA;AV. RIVADAVIA Y GARCIA LORCA;0;;;0;RIVADAVIA AV. y GARCIA LORCA, FEDERICO;RIVADAVIA AV.;GARCIA LORCA, FEDERICO;;;-34.62172395999999700;-58.44435407000000300;CABALLITO;COMUNA 6
-58.3818269589446;-34.6119124207934;42;DETECCION DE VIOLACION DE LUZ ROJA;LIMA Y MORENO;0;;;0;LIMA y MORENO;LIMA;MORENO;;;-34.61191242000000300;-58.38182695999999800;MONSERRAT;COMUNA 1
-58.3898933889443;-34.6226302407929;43;DETECCION DE VIOLACION DE LUZ ROJA;AV. SAN JUAN Y SOLIS;0;;;0;SAN JUAN AV. y SOLIS;SAN JUAN AV.;SOLIS;;;-34.62263023999999900;-58.38989338999999700;CONSTITUCION;COMUNA 1
-58.460641098939;-34.6892548107906;44;DETECCION DE VIOLACION DE LUZ ROJA;AV. CORONEL ROCA Y SOLDADO DE LA FRONTERA;0;;;0;ROCA, CNEL. AV. y SOLDADO DE LA FRONTERA AV.;ROCA, CNEL. AV.;SOLDADO DE LA FRONTERA AV.;;;-34.68925481000000100;-58.46064109999999700;VILLA LUGANO;COMUNA 8
-58.40815285894;-34.5980650107965;45;VERIFICADOR DE CARRILES;AV. CORDOBA Y ANCHORENA;0;;;0;CORDOBA AV. y ANCHORENA, TOMAS MANUEL DE, DR.;CORDOBA AV.;ANCHORENA, TOMAS MANUEL DE, DR.;;;-34.59806500999999900;-58.40815286000000100;RECOLETA;COMUNA 2
-58.3881535989429;-34.5993504107951;46;VERIFICADOR DE CARRILES;AV. CORDOBA Y PARANA;0;;;0;CORDOBA AV. y PARANA;CORDOBA AV.;PARANA;;;-34.59935041000000000;-58.38815360000000300;RECOLETA;COMUNA 2
-58.4146322689391;-34.5978940707969;47;VERIFICADOR DE CARRILES;AV. CORDOBA Y BILLINGHURST;0;;;0;CORDOBA AV. y BILLINGHURST;CORDOBA AV.;BILLINGHURST;;;-34.59789407000000200;-58.41463226999999800;RECOLETA;COMUNA 2
-58.3987285989415;-34.5997561507957;48;VERIFICADOR DE CARRILES;AV. CORDOBA Y URIBURU;0;;;0;CORDOBA AV. y URIBURU JOSE E., PRES.;CORDOBA AV.;URIBURU JOSE E., PRES.;;;-34.59975614999999700;-58.39872859999999800;RECOLETA;COMUNA 2
-58.3917161389434;-34.6138200407938;49;VERIFICADOR DE CARRILES;AV. ENTRE RIOS Y AV. BELGRANO;0;;;0;ENTRE RIOS AV. y BELGRANO AV.;ENTRE RIOS AV.;BELGRANO AV.;;;-34.61382004000000000;-58.39171614000000000;BALVANERA;COMUNA 3
-58.4119234389395;-34.5979991407968;50;VERIFICADOR DE CARRILES;AV. CORDOBA Y GALLO;0;;;0;CORDOBA AV. y GALLO;CORDOBA AV.;GALLO;;;-34.59799913999999900;-58.41192344000000200;RECOLETA;COMUNA 2
-58.4189448989385;-34.5977854507972;51;VERIFICADOR DE CARRILES;AV. CORDOBA Y SALGUERO;0;;;0;CORDOBA AV. y SALGUERO, JERONIMO;CORDOBA AV.;SALGUERO, JERONIMO;;;-34.59778545000000300;-58.41894490000000000;PALERMO;COMUNA 14
-58.3840352989435;-34.5991558807949;52;VERIFICADOR DE CARRILES;AV. CORDOBA Y LIBERTAD;0;;;0;CORDOBA AV. y LIBERTAD;CORDOBA AV.;LIBERTAD;;;-34.59915587999999800;-58.38403530000000100;RETIRO;COMUNA 1
-58.3929368589423;-34.5996329307954;53;VERIFICADOR DE CARRILES;AV. CORDOBA Y CALLAO;0;;;0;CORDOBA AV. y CALLAO AV.;CORDOBA AV.;CALLAO AV.;;;-34.59963292999999900;-58.39293685999999900;RECOLETA;COMUNA 2
-58.396519998941;-34.5880231807968;54;VERIFICADOR DE CARRILES;AV. LAS HERAS Y CANTILO;0;;;0;LAS HERAS GENERAL AV. Y CANTILO;LAS HERAS GENERAL AV.;CANTILO;;;-34.58802318000000000;-58.39652000000000200;RECOLETA;COMUNA 2
-58.4030880389408;-34.5987920107961;55;VERIFICADOR DE CARRILES;AV. CORDOBA Y PASO;0;;;0;CORDOBA AV. y PASO;CORDOBA AV.;PASO;;;-34.59879200999999700;-58.40308804000000000;RECOLETA;COMUNA 2
-58.3922899989427;-34.6044352707949;56;VERIFICADOR DE CARRILES;AV. CALLAO Y CORRIENTES;0;;;0;CALLAO AV. Y CORRIENTES AV.;CALLAO AV.;CORRIENTES AV.;;;-34.60443527000000300;-58.39229000000000300;BALVANERA;COMUNA 3
-58.3918005989432;-34.6114947807941;57;VERIFICADOR DE CARRILES;AV. ENTRE RIOS Y ADOLFO ALSINA;0;;;0;ENTRE RIOS AV. y ALSINA, ADOLFO;ENTRE RIOS AV.;ALSINA, ADOLFO;;;-34.61149478000000100;-58.39180060000000300;BALVANERA;COMUNA 3
-58.3916717889438;-34.6191040607933;58;VERIFICADOR DE CARRILES;AV. ENTRE RIOS Y ESTADOS UNIDOS;0;;;0;ENTRE RIOS AV. y ESTADOS UNIDOS;ENTRE RIOS AV.;ESTADOS UNIDOS;;;-34.61910405999999800;-58.39167178999999700;SAN CRISTOBAL;COMUNA 3
-58.3916784389436;-34.6168776207935;59;VERIFICADOR DE CARRILES;AV. ENTRE RIOS Y CHILE;0;;;0;ENTRE RIOS AV. Y CHILE;ENTRE RIOS AV.;CHILE;;;-34.61687761999999700;-58.39167844000000000;BALVANERA;COMUNA 3
-58.4182588689377;-34.5835813007986;60;VERIFICADOR DE CARRILES;AV. SANTA FE Y ARMENIA;0;;;0;SANTA FE AV. Y ARMENIA;SANTA FE AV.;ARMENIA;;;-34.58358129999999900;-58.41825887000000300;PALERMO;COMUNA 14
-58.3884236889426;-34.5957639607955;61;VERIFICADOR DE CARRILES;AV. SANTA FE Y PARANA;0;;;0;SANTA FE AV. Y PARANA;SANTA FE AV.;PARANA;;;-34.59576395999999900;-58.38842369000000300;RECOLETA;COMUNA 2
-58.4057159689409;-34.6055712407956;62;VERIFICADOR DE CARRILES;AV. PUEYRREDON Y VALENTIN GOMEZ;0;;;0;PUEYRREDON AV. Y GOMEZ, VALENTIN;PUEYRREDON AV.;GOMEZ, VALENTIN;;;-34.60557124000000300;-58.40571597000000300;BALVANERA;COMUNA 3
-58.4059475589409;-34.6065458007955;63;VERIFICADOR DE CARRILES;AV. PUEYRREDON Y SARMIENTO;0;;;0;PUEYRREDON AV. Y SARMIENTO;PUEYRREDON AV.;SARMIENTO;;;-34.60654579999999900;-58.40594756000000100;BALVANERA;COMUNA 3
-58.4030823389406;-34.5965631107963;64;VERIFICADOR DE CARRILES;AV. PUEYRREDON Y MANSILLA;0;;;0;PUEYRREDON AV. y MANSILLA, LUCIO NORBERTO, GENERAL;PUEYRREDON AV.;MANSILLA, LUCIO NORBERTO, GENERAL;;;-34.59656310999999800;-58.40308233999999700;RECOLETA;COMUNA 2
-58.4183721389356;-34.5544013208016;65;CINEMOMETRO FIJO;AV. RAFAEL OBLIGADO C4;4845;;;70;OBLIGADO RAFAEL, AV.COSTANERA 4845;OBLIGADO RAFAEL, AV.COSTANERA;;1428;;-34.55440131999999700;-58.41837214000000200;PALERMO;COMUNA 14
-58.4183721389356;-34.5544013208016;66;CINEMOMETRO FIJO;AV. RAFAEL OBLIGADO C3;4845;;;70;OBLIGADO RAFAEL, AV.COSTANERA 4845;OBLIGADO RAFAEL, AV.COSTANERA;;1428;;-34.55440131999999700;-58.41837214000000200;PALERMO;COMUNA 14
-58.3916559389413;-34.5836871407969;67;CINEMOMETRO FIJO;AV. F. ALCORTA;2200;;;70;FIGUEROA ALCORTA, PRES. AV. 2200;FIGUEROA ALCORTA, PRES. AV.;;1425;C1425CKN;-34.58368714000000200;-58.39165594000000000;RECOLETA;COMUNA 2
-58.4151140889371;-34.5693821207999;68;CINEMOMETRO FIJO;AV. F. ALCORTA;4750;;;60;FIGUEROA ALCORTA, PRES. AV. 4750;FIGUEROA ALCORTA, PRES. AV.;;1425;C1425CMN;-34.56938212000000000;-58.41511409000000300;PALERMO;COMUNA 14
-58.4136470189405;-34.6154097407951;69;CINEMOMETRO FIJO;AV. BELGRANO C4;3349;;;60;BELGRANO AV. 3349;BELGRANO AV.;;1210;C1210AAB;-34.61540973999999700;-58.41364701999999900;ALMAGRO;COMUNA 5
-58.4027959289425;-34.6237685407936;71;CINEMOMETRO FIJO;AV. SAN JUAN;2729;;;60;SAN JUAN AV. 2729;SAN JUAN AV.;;1232;C1232AAJ;-34.62376854000000000;-58.40279593000000300;SAN CRISTOBAL;COMUNA 3
-58.5211472789261;-34.6247062108011;72;CINEMOMETRO FIJO;IRIGOYEN C2;1761;;;0;IRIGOYEN 1761;IRIGOYEN;;1408;C1408CPK;-34.62470620999999900;-58.52114728000000100;MONTE CASTRO;COMUNA 10
-58.4273432189347;-34.5592940508017;73;CINEMOMETRO FIJO;AV. F. ALCORTA;5700;;;70;FIGUEROA ALCORTA, PRES. AV. 5700;FIGUEROA ALCORTA, PRES. AV.;;1426;C1426CBT;-34.55929404999999800;-58.42734321999999700;PALERMO;COMUNA 14
-58.4151162589371;-34.5693797307999;74;CINEMOMETRO FIJO;AV. F. ALCORTA;4750;;;60;FIGUEROA ALCORTA, PRES. AV. 4750;FIGUEROA ALCORTA, PRES. AV.;;1425;C1425CMN;-34.56937973000000100;-58.41511625999999800;PALERMO;COMUNA 14
-58.4959418289251;-34.5592065908061;77;CINEMOMETRO FIJO;AV. TRIUNVIRATO C2;6300;;;60;TRIUNVIRATO AV. 6300;TRIUNVIRATO AV.;;1431;C1431FDP;-34.55920659000000200;-58.49594183000000000;SAAVEDRA;COMUNA 12
-58.4152613689398;-34.6085501007959;78;CINEMOMETRO FIJO;AV. DIAZ VELEZ  C2;3420;;;40;DIAZ VELEZ AV. 3420;DIAZ VELEZ AV.;;1200;C1200AAO;-34.60855010000000200;-58.41526137000000300;ALMAGRO;COMUNA 5
-58.5211472789261;-34.6247062108011;79;CINEMOMETRO FIJO;IRIGOYEN C3;1761;;;0;IRIGOYEN 1761;IRIGOYEN;;1408;C1408CPK;-34.62470620999999900;-58.52114728000000100;MONTE CASTRO;COMUNA 10
-58.4924963689257;-34.5605703308058;83;CINEMOMETRO FIJO;GALVAN;3640;;;40;GALVAN 3640;GALVAN;;1431;C1431FVW;-34.56057032999999700;-58.49249636999999800;SAAVEDRA;COMUNA 12
-58.4030412489422;-34.6188935807941;84;CINEMOMETRO FIJO;AV. INDEPENDENCIA;2662;;;60;INDEPENDENCIA AV. 2662;INDEPENDENCIA AV.;;1225;C1225AAV;-34.61889357999999800;-58.40304125000000100;SAN CRISTOBAL;COMUNA 3
-58.4614629589288;-34.5431712908055;87;CINEMOMETRO FIJO;AV. DEL LIBERTADOR (A PROV C2);7725;;;60;DEL LIBERTADOR AV. 7725;DEL LIBERTADOR AV.;;1429;C1429BMK;-34.54317128999999700;-58.46146295999999900;NUÑEZ;COMUNA 13
-58.4924963689257;-34.5605703308058;88;CINEMOMETRO FIJO;GALVAN;3640;;;40;GALVAN 3640;GALVAN;;1431;C1431FVW;-34.56057032999999700;-58.49249636999999800;SAAVEDRA;COMUNA 12
-58.4030412489422;-34.6188935807941;90;CINEMOMETRO FIJO;AV. INDEPENDENCIA;2662;;;60;INDEPENDENCIA AV. 2662;INDEPENDENCIA AV.;;1225;C1225AAV;-34.61889357999999800;-58.40304125000000100;SAN CRISTOBAL;COMUNA 3
-58.4614629589288;-34.5431712908055;92;CINEMOMETRO FIJO;AV. DEL LIBERTADOR (A PROV C3);7725;;;60;DEL LIBERTADOR AV. 7725;DEL LIBERTADOR AV.;;1429;C1429BMK;-34.54317128999999700;-58.46146295999999900;NUÑEZ;COMUNA 13
-58.4269207189419;-34.663995100791;95;CINEMOMETRO FIJO;AV. 27 DE FEBRERO (AL CENTRO C3);5800;;;70;27 DE FEBRERO AV. 5800;27 DE FEBRERO AV.;;1437;C1437FXU;-34.66399510000000100;-58.42692071999999800;VILLA SOLDATI;COMUNA 8
-58.4269207189419;-34.663995100791;96;CINEMOMETRO FIJO;AV. 27 DE FEBRERO (A PROV. C3);5800;;;70;27 DE FEBRERO AV. 5800;27 DE FEBRERO AV.;;1437;C1437FXU;-34.66399510000000100;-58.42692071999999800;VILLA SOLDATI;COMUNA 8
-58.4127451889377;-34.5724855207994;106;CINEMOMETRO FIJO;AV. SARMIENTO;3866;;;60;SARMIENTO AV. 3866;SARMIENTO AV.;;1425;C1425FGZ;-34.57248552000000100;-58.41274519000000300;PALERMO;COMUNA 14
-58.4801903689295;-34.5905866508019;107;CINEMOMETRO FIJO;AV. DE LOS CONSTITUYENTES (DESCENDENTE);3240;;;60;DE LOS CONSTITUYENTES AV. 3240;DE LOS CONSTITUYENTES AV.;;1427;C1427BLQ;-34.59058664999999900;-58.48019037000000300;PARQUE CHAS;COMUNA 15
-58.463765825719;-34.5880206254313;108;CINEMOMETRO FIJO;AV. ELCANO;4450;;;0;ELCANO AV. 4450;ELCANO AV.;;1427;C1427CIP;-34.58803317000000300;-58.46372032000000000;CHACARITA;COMUNA 15
-58.4801903689295;-34.5905866508019;109;CINEMOMETRO FIJO;AV. DE LOS CONSTITUYENTES (DESCENDENTE);3240;;;60;DE LOS CONSTITUYENTES AV. 3240;DE LOS CONSTITUYENTES AV.;;1427;C1427BLQ;-34.59058664999999900;-58.48019037000000300;PARQUE CHAS;COMUNA 15
-58.5118617389281;-34.6342948207995;110;CINEMOMETRO FIJO;AV. JUAN B. JUSTO (ASCENDETE);8736;;;60;JUSTO, JUAN B. AV. 8736;JUSTO, JUAN B. AV.;;1408;C1408AKQ;-34.63429482000000100;-58.51186174000000100;VERSALLES;COMUNA 10
-58.4541706989346;-34.6118085707981;112;CINEMOMETRO FIJO;AV. GAONA (ASCENDENTE);1852;;;60;GAONA AV. 1852;GAONA AV.;;1416;C1416DRT;-34.61180857000000100;-58.45417069999999900;CABALLITO;COMUNA 6
-58.4541706989346;-34.6118085707981;113;CINEMOMETRO FIJO;AV. GAONA (ASCENDENTE);1852;;;60;GAONA AV. 1852;GAONA AV.;;1416;C1416DRT;-34.61180857000000100;-58.45417069999999900;CABALLITO;COMUNA 6
-58.5118617389281;-34.6342948207995;114;CINEMOMETRO FIJO;AV. JUAN B. JUSTO (ASCENDETE);8736;;;60;JUSTO, JUAN B. AV. 8736;JUSTO, JUAN B. AV.;;1408;C1408AKQ;-34.63429482000000100;-58.51186174000000100;VERSALLES;COMUNA 10
-58.4636017689336;-34.6167141707982;115;CINEMOMETRO FIJO;AV. BOYACA (ASCENDENTE);961;;;60;BOYACA 961;BOYACA;;1406;C1406BHQ;-34.61671417000000200;-58.46360176999999700;FLORES;COMUNA 7
-58.4719533289342;-34.6422418207961;116;CINEMOMETRO FIJO;MARIANO ACOSTA;1055;;;40;ACOSTA, MARIANO AV. 1055;ACOSTA, MARIANO AV.;;1407;C1407KBU;-34.64224182000000200;-58.47195332999999800;PARQUE AVELLANEDA;COMUNA 9
-58.4449150389375;-34.636474040795;117;CINEMOMETRO FIJO;AV. ASAMBLEA;1447;;;60;ASAMBLEA AV. 1447;ASAMBLEA AV.;;1406;C1406HVE;-34.63647404000000300;-58.44491503999999800;PARQUE CHACABUCO;COMUNA 7
-58.4320712989394;-34.637616870794;118;CINEMOMETRO FIJO;AV. JOSE M. MORENO;1657;;;60;MORENO, JOSE MARIA AV. 1657;MORENO, JOSE MARIA AV.;;1424;C1424ABD;-34.63761687000000200;-58.43207129999999700;PARQUE CHACABUCO;COMUNA 7
-58.4812370689275;-34.5644066608047;119;CINEMOMETRO FIJO;HOLMBERG;3046;;;40;HOLMBERG 3046;HOLMBERG;;1430;C1430DPJ;-34.56440666000000300;-58.48123706999999900;VILLA URQUIZA;COMUNA 12
-58.5098625489294;-34.6493046707978;120;CINEMOMETRO FIJO;AV. EMILIO CASTRO;6281;;;60;CASTRO, EMILIO AV. 6281;CASTRO, EMILIO AV.;;1440;C1440CLL;-34.64930466999999900;-58.50986255000000100;LINIERS;COMUNA 9
-58.3941806689442;-34.6298633207924;121;CINEMOMETRO FIJO;AV. BRASIL;2085;;;0;BRASIL 2085;BRASIL;;1260;C1260AAC;-34.62986331999999800;-58.39418066999999700;PARQUE PATRICIOS;COMUNA 4
-58.4513252689342;-34.600730360799;122;CINEMOMETRO FIJO;AV. HONORIO PUEYRREDON (ASCENDENTE) C2;1815;;;0;PUEYRREDON, HONORIO, DR. AV. 1815;PUEYRREDON, HONORIO, DR. AV.;;1414;C1414CEH;-34.60073036000000000;-58.45132526999999800;VILLA CRESPO;COMUNA 15
-58.4513252689342;-34.600730360799;123;CINEMOMETRO FIJO;AV. HONORIO PUEYRREDON (ASCENDENTE) C3;1815;;;0;PUEYRREDON, HONORIO, DR. AV. 1815;PUEYRREDON, HONORIO, DR. AV.;;1414;C1414CEH;-34.60073036000000000;-58.45132526999999800;VILLA CRESPO;COMUNA 15
-58.4555542089331;-34.5930517708001;124;CINEMOMETRO FIJO;AV. JORGE NEWBERY (ASCENDENTE);4733;;;0;NEWBERY, JORGE AV. 4733;NEWBERY, JORGE AV.;;1427;C1427EHA;-34.59305177000000200;-58.45555421000000300;CHACARITA;COMUNA 15
-58.4135738189419;-34.636009370793;125;CINEMOMETRO FIJO;AV. CHICLANA (DESCENDENTE);3474;;;0;CHICLANA AV. 3474;CHICLANA AV.;;1260;C1260ACO;-34.63600936999999600;-58.41357382000000300;BOEDO;COMUNA 5
-58.4489123789369;-34.6358136307953;126;CINEMOMETRO FIJO;AV. EVA PERON (DESCENDENTE);1825;;;60;PERON, EVA AV. 1825;PERON, EVA AV.;;1406;C1406HMG;-34.63581363000000100;-58.44891238000000300;PARQUE CHACABUCO;COMUNA 7
-58.3941806689442;-34.6298633207924;127;CINEMOMETRO FIJO;AV. BRASIL (DESCENDENTE);2085;;;0;BRASIL 2085;BRASIL;;1260;C1260AAC;-34.62986331999999800;-58.39418066999999700;PARQUE PATRICIOS;COMUNA 4
-58.4789533989356;-34.677599400793;128;CINEMOMETRO FIJO;AU. DELLEPIANE (DESCENDENTE);0;Km 1,15;;100;;;;;;-34.67759939999999800;-58.47895340000000200;VILLA LUGANO;COMUNA 8
-58.4253946489358;-34.5717886508003;129;CINEMOMETRO FIJO;AV. DORREGO (DESCENDENTE);3370;;;60;DORREGO AV. 3370;DORREGO AV.;;1425;C1425GAW;-34.57178865000000200;-58.42539465000000100;PALERMO;COMUNA 14
-58.4253946489358;-34.5717886508003;130;CINEMOMETRO FIJO;AV. DORREGO (DESCENDENTE);3370;;;60;DORREGO AV. 3370;DORREGO AV.;;1425;C1425GAW;-34.57178865000000200;-58.42539465000000100;PALERMO;COMUNA 14
-58.4290381589355;-34.5737481208003;131;CINEMOMETRO FIJO;AV. DORREGO (ASCENDENTE);2975;;;60;DORREGO AV. 2975;DORREGO AV.;;;;-34.57374811999999800;-58.42903815999999800;PALERMO;COMUNA 14
-58.4290381589355;-34.5737481208003;132;CINEMOMETRO FIJO;AV. DORREGO (ASCENDENTE);2975;;;60;DORREGO AV. 2975;DORREGO AV.;;;;-34.57374811999999800;-58.42903815999999800;PALERMO;COMUNA 14
-58.4392571089376;-34.6261972007956;133;CINEMOMETRO FIJO;AV. PEDRO GOYENA (ASCENDENTE);805;;;60;GOYENA, PEDRO AV. 805;GOYENA, PEDRO AV.;;1424;C1424BSI;-34.62619720000000000;-58.43925711000000000;CABALLITO;COMUNA 6
-58.4392571089376;-34.6261972007956;134;CINEMOMETRO FIJO;AV. PEDRO GOYENA (ASCENDENTE);805;;;60;GOYENA, PEDRO AV. 805;GOYENA, PEDRO AV.;;1424;C1424BSI;-34.62619720000000000;-58.43925711000000000;CABALLITO;COMUNA 6
-58.4672605689344;-34.6357794607965;135;CINEMOMETRO FIJO;AV. SAN PEDRITO (DESCENDENTE);418;;;60;SAN PEDRITO AV. 418;SAN PEDRITO AV.;;1406;C1406EXR;-34.63577946000000200;-58.46726057000000100;FLORES;COMUNA 7
-58.4672605689344;-34.6357794607965;136;CINEMOMETRO FIJO;AV. SAN PEDRITO (DESCENDENTE);418;;;60;SAN PEDRITO AV. 418;SAN PEDRITO AV.;;1406;C1406EXR;-34.63577946000000200;-58.46726057000000100;FLORES;COMUNA 7
-58.4005375989434;-34.6312000507927;137;CINEMOMETRO FIJO;AV. JUJUY (ASCENDENTE);1782;;;60;JUJUY AV. 1782;JUJUY AV.;;1247;C1247ABS;-34.63120004999999700;-58.40053760000000000;PARQUE PATRICIOS;COMUNA 4
-58.4004884089434;-34.6313809207926;138;CINEMOMETRO FIJO;AV. JUJUY (ASCENDENTE);1794;;;60;JUJUY AV. 1794;JUJUY AV.;;1247;C1247ABS;-34.63138091999999800;-58.40048841000000100;PARQUE PATRICIOS;COMUNA 4
-58.5149521689279;-34.6391173207992;139;CINEMOMETRO FIJO;AV. RIVADAVIA (ASCENDENTE);10731;;;60;RIVADAVIA AV. 10731;RIVADAVIA AV.;;1408;C1408AAH;-34.63911731999999700;-58.51495217000000100;LINIERS;COMUNA 9
-58.5151052989279;-34.6391124807992;140;CINEMOMETRO FIJO;AV. RIVADAVIA (ASCENDENTE);10741;;;60;RIVADAVIA AV. 10741;RIVADAVIA AV.;;1408;C1408AAH;-34.63911248000000100;-58.51510530000000200;LINIERS;COMUNA 9
-58.4457625289366;-34.6243818407962;153;CINEMOMETRO FIJO MULTICARRIL;AV. JUAN B. ALBERDI;1260;;;60;ALBERDI, JUAN BAUTISTA AV. 1260;ALBERDI, JUAN BAUTISTA AV.;;1406;C1406GRO;-34.62438183999999800;-58.44576253000000300;CABALLITO;COMUNA 6
-58.4697754589341;-34.6362852507966;154;CINEMOMETRO FIJO MULTICARRIL;AV. DIRECTORIO (DESCENDENTE);3078;;;0;DIRECTORIO AV. 3078;DIRECTORIO AV.;;1406;C1406HAT;-34.63628525000000000;-58.46977546000000100;FLORES;COMUNA 7
-58.4200950489361;-34.5654127608006;155;CINEMOMETRO FIJO MULTICARRIL;AV. DORREGO (DESCENDENTE);3700;;;60;DORREGO AV. 3700;DORREGO AV.;;1425;C1425GBN;-34.56541276000000100;-58.42009505000000000;PALERMO;COMUNA 14
-58.5039730489259;-34.5872574308038;156;CINEMOMETRO FIJO MULTICARRIL;AV. GRAL. MOSCONI;3043;;;60;MOSCONI GENERAL AV. 3043;MOSCONI GENERAL AV.;;1419;C1419EQJ;-34.58725743000000100;-58.50397304999999900;VILLA PUEYRREDON;COMUNA 12
-58.4872309389324;-34.6468616707966;157;CINEMOMETRO FIJO MULTICARRIL;AV. BRUIX;4435;;;60;BRUIX AV. 4435;BRUIX AV.;;1407;C1407IKJ;-34.64686167000000000;-58.48723094000000300;PARQUE AVELLANEDA;COMUNA 9
-58.3764743389461;-34.622126550792;158;CINEMOMETRO FIJO MULTICARRIL;AV. SAN JUAN (DESCENDENTE);730;;;60;SAN JUAN AV. 730;SAN JUAN AV.;;1147;C1147AAS;-34.62212654999999700;-58.37647434000000100;SAN TELMO;COMUNA 1
-58.4006653589428;-34.6235041607934;159;CINEMOMETRO FIJO MULTICARRIL;AV. SAN JUAN (DESCENDENTE);2507;;;60;SAN JUAN AV. 2507;SAN JUAN AV.;;1232;C1232AAH;-34.62350416000000300;-58.40066535999999800;SAN CRISTOBAL;COMUNA 3
-58.460883748939;-34.6897117007906;160;CINEMOMETRO FIJO MULTICARRIL;AV. CORONEL ROCA;5880;;;30;ROCA, CNEL. AV. 5880;ROCA, CNEL. AV.;;1439;C1439DVV;-34.68971169999999700;-58.46088375000000100;VILLA RIACHUELO;COMUNA 8
-58.3947644389437;-34.624285870793;161;CINEMOMETRO FIJO MULTICARRIL;AU. 25 DE MAYO (ASCENDENTE) CENTRO;0;Km 7,0;;80;;;;;;-34.62428587000000100;-58.39476444000000300;SAN CRISTOBAL;COMUNA 3
-58.3927776489439;-34.6238985807929;162;CINEMOMETRO FIJO MULTICARRIL;AU. 25 DE MAYO (DESCENDENTE) PROVIN.;0;Km 7,2;;80;;;;;;-34.62389858000000200;-58.39277764999999900;SAN CRISTOBAL;COMUNA 3
-58.4264011014803;-34.6288642210055;163;CINEMOMETRO FIJO MULTICARRIL;AU. 25 DE MAYO (ASCENDENTE) CENTRO;0;Km 4,1;;80;;;;;;-34.62892955000000200;-58.42636155000000300;PARQUE CHACABUCO;COMUNA 7
-58.4134655789413;-34.6269605607939;164;CINEMOMETRO FIJO MULTICARRIL;AU. 25 DE MAYO (DESCENDENTE) PROVIN.;0;Km 5,3;;80;;;;;;-34.62696056000000100;-58.41346558000000000;BOEDO;COMUNA 5
-58.4616596189283;-34.5361150408063;165;CINEMOMETRO FIJO MULTICARRIL;AV. LEOPOLDO LUGONES (DESCENDENTE);0;Km 9,8;;100;;;;;;-34.53611503999999900;-58.46165961999999900;NUÑEZ;COMUNA 13
-58.4616596189283;-34.5361150408063;166;CINEMOMETRO FIJO MULTICARRIL;AV. LEOPOLDO LUGONES (DESCENDENTE);0;Km 9,8;;100;;;;;;-34.53611503999999900;-58.46165961999999900;NUÑEZ;COMUNA 13
-58.3936026589441;-34.6274293407926;167;CINEMOMETRO FIJO MULTICARRIL;AV. JUAN DE GARAY;2031;;;60;GARAY, JUAN DE AV. 2031;GARAY, JUAN DE AV.;;1256;C1256AAC;-34.62742933999999900;-58.39360265999999900;SAN CRISTOBAL;COMUNA 3
-58.4147300089375;-34.5745910307993;168;CINEMOMETRO FIJO MULTICARRIL;AV. SARMIENTO (DESCENDENTE);3480;;;60;SARMIENTO AV. 3480;SARMIENTO AV.;;1425;C1425FGV;-34.57459103000000100;-58.41473001000000000;PALERMO;COMUNA 14
-58.4373874889326;-34.5490947908034;169;CINEMOMETRO FIJO MULTICARRIL;AV. LEOPOLDO LUGONES (DESCENDENTE);0;Km 7,6;;100;;;;;;-34.54909478999999800;-58.43738748999999900;BELGRANO;COMUNA 13
-58.4373874889326;-34.5490947908034;170;CINEMOMETRO FIJO MULTICARRIL;AV. LEOPOLDO LUGONES (DESCENDENTE);0;Km 7,6;;100;;;;;;-34.54909478999999800;-58.43738748999999900;BELGRANO;COMUNA 13
-58.5249752290094;-34.6360663980382;171;CINEMOMETRO FIJO MULTICARRIL;AU. PERITO MORENO;0;Km 0,5;;100;;;;;;-34.63558850999999800;-58.52616125000000100;LINIERS;COMUNA 9
-58.4793283989356;-34.677669400793;172;CINEMOMETRO FIJO MULTICARRIL;AU. DELLEPIANE (ASCENDENTE);0;Km 1,15;;100;;;;;;-34.67766939999999900;-58.47932840000000000;VILLA LUGANO;COMUNA 8
-58.4789533989356;-34.677599400793;173;CINEMOMETRO FIJO MULTICARRIL;AU. DELLEPIANE (DESCENDENTE);0;Km 1,15;;100;;;;;;-34.67759939999999800;-58.47895340000000200;VILLA LUGANO;COMUNA 8
-58.4746107689356;-34.6687468007936;174;CINEMOMETRO FIJO MULTICARRIL;AU. DELLEPIANE (ASCENDENTE);0;Km 2,3;;100;AUTOPISTA DELLEPIANE LUIS TTE. GRAL. Y MIRALLA;AUTOPISTA DELLEPIANE LUIS TTE. GRAL.;MIRALLA;;;-34.66874680000000100;-58.47461076999999800;VILLA LUGANO;COMUNA 8
-58.4746107689356;-34.6687468007936;175;CINEMOMETRO FIJO MULTICARRIL;AU. DELLEPIANE (DESCENDENTE);0;Km 2,3;;100;AUTOPISTA DELLEPIANE LUIS TTE. GRAL. Y MIRALLA;AUTOPISTA DELLEPIANE LUIS TTE. GRAL.;MIRALLA;;;-34.66874680000000100;-58.47461076999999800;VILLA LUGANO;COMUNA 8
-58.526868238926;-34.6350885208004;176;CINEMOMETRO FIJO MULTICARRIL;AU. PERITO MORENO (DESCENDENTE);0;Km 0,3;;100;;;;;;-34.63508851999999600;-58.52686823999999900;LINIERS;COMUNA 9
-58.4168012489364;-34.5623408508007;177;CINEMOMETRO FIJO MULTICARRIL;AV. LEOPOLDO LUGONES (DESCENDENTE);0;Km 4,9;;100;LUGONES, LEOPOLDO AV. Y DORREGO AV.;LUGONES, LEOPOLDO AV.;DORREGO AV.;;;-34.56234084999999800;-58.41680124999999900;PALERMO;COMUNA 14
-58.4168012489364;-34.5623408508007;178;CINEMOMETRO FIJO MULTICARRIL;AV. LEOPOLDO LUGONES (DESCENDENTE);0;Km 4,9;;100;LUGONES, LEOPOLDO AV. Y DORREGO AV.;LUGONES, LEOPOLDO AV.;DORREGO AV.;;;-34.56234084999999800;-58.41680124999999900;PALERMO;COMUNA 14
-58.4383433689324;-34.5482667608035;179;CINEMOMETRO FIJO MULTICARRIL;AV. INTENDENTE CANTILO (ASCENDENTE);0;Km 7,55;;100;;;;;;-34.54826675999999700;-58.43834336999999800;BELGRANO;COMUNA 13
-58.3796296584277;-34.6261678344162;181;CINEMOMETRO FIJO MULTICARRIL;AU. ARTURO FRONDIZI (ASCENDENTE);0;Km 3,0;;100;;;;;;-34.64403382999999800;-58.37552616000000000;CONSTITUCION;COMUNA 1
-58.3775129989468;-34.6347374707908;182;CINEMOMETRO FIJO MULTICARRIL;AU. ARTURO FRONDIZI (DESCENDENTE);0;Km 2,0;;100;;;;;;-34.63473746999999700;-58.37751300000000000;BARRACAS;COMUNA 4
-58.3735210364524;-34.6494988734878;183;CINEMOMETRO FIJO MULTICARRIL;AU. ARTURO FRONDIZI (ASCENDENTE);0;Km 0,5;;100;;;;;;-34.62290279999999900;-58.38069783000000300;BARRACAS;COMUNA 4
-58.4837761389328;-34.6463960307964;184;CINEMOMETRO FIJO MULTICARRIL;AU. PERITO MORENO (ACENDENTE);0;Km 4,9;;60;;;;;;-34.64639602999999800;-58.48377614000000300;PARQUE AVELLANEDA;COMUNA 9
-58.4451701989323;-34.5600636808027;185;CINEMOMETRO FIJO MULTICARRIL;AV. DEL LIBERTADOR (DESCENDENTE);5666;;;60;DEL LIBERTADOR AV. 5666;DEL LIBERTADOR AV.;;1426;C1426BXR;-34.56006367999999900;-58.44517020000000000;BELGRANO;COMUNA 13
-58.4419915889329;-34.5620530908024;186;CINEMOMETRO FIJO MULTICARRIL;AV. DEL LIBERTADOR (ASCENDENTE);5275;;;60;DEL LIBERTADOR AV. 5275;DEL LIBERTADOR AV.;;1426;C1426BXA;-34.56205308999999900;-58.44199159000000100;BELGRANO;COMUNA 13
-58.4492607389305;-34.5426669108048;187;CINEMOMETRO FIJO MULTICARRIL;AV. LEOPOLDO LUGONES (DESCENDENTE);0;Km 8,7;;100;;;;;;-34.54266691000000100;-58.44926074000000000;BELGRANO;COMUNA 13
-58.4200950489361;-34.5654127608006;189;CINEMOMETRO FIJO MULTICARRIL;AV. DORREGO;3700;;;60;DORREGO AV. 3700;DORREGO AV.;;1425;C1425GBN;-34.56541276000000100;-58.42009505000000000;PALERMO;COMUNA 14
-58.4284905789373;-34.5987447507978;191;CINEMOMETRO FIJO MULTICARRIL;AV. ESTADO DE ISRAEL;4460;;;60;ESTADO DE ISRAEL AV. 4460;ESTADO DE ISRAEL AV.;;1185;C1185AAQ;-34.59874475000000200;-58.42849058000000200;ALMAGRO;COMUNA 5
-58.4807382789329;-34.6419001207967;192;CINEMOMETRO FIJO MULTICARRIL;AV. DIRECTORIO (DESCENDENTE);4085;;;60;DIRECTORIO AV. 4085;DIRECTORIO AV.;;1407;C1407HGA;-34.64190012000000300;-58.48073827999999700;PARQUE AVELLANEDA;COMUNA 9
-58.4867736489263;-34.5578992608057;193;CINEMOMETRO FIJO MULTICARRIL;DONADO;3660;;;60;DONADO 3660;DONADO;;1430;C1430DSV;-34.55789925999999900;-58.48677365000000300;SAAVEDRA;COMUNA 12
-58.4971071889246;-34.5543682208067;194;CINEMOMETRO FIJO MULTICARRIL;AV. DR. RICARDO BALBIN;4640;;;60;BALBIN, RICARDO, DR. AV. 4640;BALBIN, RICARDO, DR. AV.;;1430;C1430ABR;-34.55436822000000100;-58.49710719000000100;SAAVEDRA;COMUNA 12
-58.3799076397965;-34.6228657128992;102;CINEMOMETRO FIJO;AU. 25 DE MAYO (C 3 DESCENDENTE);0;Km. 8,4;;80;;;;;;;;CONSTITUCION;COMUNA 1
-58.3799076397965;-34.6228657128992;103;CINEMOMETRO FIJO;AU. 25 DE MAYO (C 2 DESCENDENTE);0;Km. 8,4;;80;;;;;;;;CONSTITUCION;COMUNA 1
-58.3799076397965;-34.6228657128992;104;CINEMOMETRO FIJO;AU. 25 DE MAYO (C 3 ASCENDENTE);0;Km. 8,4;;80;;;;;;;;CONSTITUCION;COMUNA 1
-58.3799076397965;-34.6228657128992;105;CINEMOMETRO FIJO;AU. 25 DE MAYO (C 2 ASCENDENTE);0;Km. 8,4;;80;;;;;;;;CONSTITUCION;COMUNA 1
-58.4277738803865;-34.6290380657996;150;CINEMOMETRO FIJO MULTICARRIL DE PESADOS;AU. 25 DE MAYO (CARRILES 1 Y 2) CENTRO;0;Km 4,0;;0;;;;;;;;PARQUE CHACABUCO;COMUNA 7
-58.4134277802249;-34.6270728671915;149;CINEMOMETRO FIJO MULTICARRIL DE PESADOS;AU. 25 DE MAYO (CARRILES 1 Y 2) PROVIN.;0;Km 5,3;;0;;;;;;;;BOEDO;COMUNA 5
-58.3760024383129;-34.6424257796694;180;CINEMOMETRO FIJO MULTICARRIL;AU. ARTURO FRONDIZI (DESCENDENTE);0;Km 1,3;;100;;;;;;;;BARRACAS;COMUNA 4
-58.5249752290094;-34.6360663980382;141;CINEMOMETRO FIJO;AU. PERITO MORENO (SENTIDO CENTRO);0;Km 0,5;;0;;;;;;-34.63558850999999800;-58.52616125000000100;LINIERS;COMUNA 9
-58.4871362787842;-34.644908393709;81;CINEMOMETRO FIJO;AU. P. MORENO (A PROV.  C4);0;Km 4,5;;0;;;;;;;;PARQUE AVELLANEDA;COMUNA 9
-58.4871255237786;-34.6449157171893;80;CINEMOMETRO FIJO;AU. P. MORENO (A PROV. C3);0;Km 4,5;;0;;;;;;;;PARQUE AVELLANEDA;COMUNA 9
-58.4881333344888;-34.6442675738087;151;CINEMOMETRO FIJO MULTICARRIL DE PESADOS;AU. P. MORENO (CARRILES 1 Y 2) CENTRO;0;Km 4,3;;0;;;;;;;;PARQUE AVELLANEDA;COMUNA 9
-58.4682837920368;-34.6533704491316;70;CINEMOMETRO FIJO;AU. DELLEPIANE (AL CENTRO C2);0;Km 3,9;;0;;;;;;;;PARQUE AVELLANEDA;COMUNA 9
-58.4682837920368;-34.6533704491316;76;CINEMOMETRO FIJO;AU. DELLEPIANE (A PROV. C3);0;Km 3,9;;0;;;;;;;;PARQUE AVELLANEDA;COMUNA 9
-58.4683019417328;-34.6533704482991;97;CINEMOMETRO FIJO;AU. DELLEPIANE (AL CENTRO C3);0;Km 3,9;;0;;;;;;;;PARQUE AVELLANEDA;COMUNA 9
-58.4682837920368;-34.6533704491316;142;CINEMOMETRO FIJO MULTICARRIL;AU. DELLEPIANE(CARRILES 3 Y 2) AL CENTRO;0;Km 3,9;;0;;;;;;;;PARQUE AVELLANEDA;COMUNA 9
-58.3828807776231;-34.5818955657247;86;CINEMOMETRO FIJO;AU. ILLIA (A PROV. C3);0;Km. 1,2;;0;;;;;;;;RETIRO;COMUNA 1
-58.3828807776231;-34.5818955657247;75;CINEMOMETRO FIJO;AU. ILLIA (A PROV. C2);0;Km. 1,2;;0;;;;;;;;RETIRO;COMUNA 1
-58.3828829532298;-34.5818937691739;93;CINEMOMETRO FIJO;AU. ILLIA (AL CENTRO C3);0;Km. 1,2;;0;;;;;;;;RETIRO;COMUNA 1
-58.3828829532298;-34.5818937691739;94;CINEMOMETRO FIJO;AU. ILLIA (AL CENTRO C2);0;Km. 1,2;;0;;;;;;;;RETIRO;COMUNA 1
-58.4068582632119;-34.5677802596411;98;CINEMOMETRO FIJO;AU. ILLIA (A PROV. C3);0;Km. 3,9;;100;;;;;;;;PALERMO;COMUNA 14
-58.4068582632119;-34.5677802596411;99;CINEMOMETRO FIJO;AU. ILLIA (A PROV. C4);0;Km. 3,9;;100;;;;;;;;PALERMO;COMUNA 14
-58.433181543839;-34.5508478897692;100;CINEMOMETRO FIJO;AU. ILLIA (A PROV. C1);0;Km. 6,9;;100;;;;;;;;BELGRANO;COMUNA 13
-58.4331815551143;-34.5508159616755;101;CINEMOMETRO FIJO;AU. ILLIA (A PROV. C2);0;Km. 6,9;;100;;;;;;;;BELGRANO;COMUNA 13
-58.4600984395313;-34.5782883858376;40;DETECCION DE VIOLACION DE LUZ ROJA;ELCANO AV. Y ALVAREZ THOMAS AV.;0;;;0;ELCANO AV. y ALVAREZ THOMAS AV.;;;;;;;COLEGIALES;COMUNA 13
-58.4476619680294;-34.5427406536168;152;CINEMOMETRO FIJO MULTICARRIL DE PESADOS;AV. CANTILO (CARRILES 1 Y 2);0;Km 8,5;;0;;;;;;;;BELGRANO;COMUNA 13
-58.4492611404781;-34.5426653319066;82;CINEMOMETRO FIJO;AU. LUGONES C4;0;Km 8,7;;0;;;;;;;;BELGRANO;COMUNA 13
-58.4492611404781;-34.5426653319066;89;CINEMOMETRO FIJO;AU. LUGONES C5;0;Km 8,7;;0;;;;;;;;BELGRANO;COMUNA 13
-58.449499107821;-34.5417189525521;91;CINEMOMETRO FIJO;AV. INTENDENTE CANTILO C4;0;Km 8,7;;0;;;;;;;;BELGRANO;COMUNA 13
-58.449499107821;-34.5417189525521;188;CINEMOMETRO FIJO MULTICARRIL;AV. INTENDENTE CANTILO;0;Km 8,7;;0;;;;;;;;BELGRANO;COMUNA 13
-58.5300801406681;-34.6310856657734;143;CINEMOMETRO FIJO MULTICARRIL;AV. GRAL. PAZ (CARRILES 3 Y 4) RIO LA PLATA;0;Km.13,0;;0;;;;;;;;VERSALLES;COMUNA 10
-58.5300361590093;-34.6318974160476;144;CINEMOMETRO FIJO MULTICARRIL;AV. GRAL. PAZ (CARRILES 3 Y 4) RIACHUELO;0;Km.13,1;;0;;;;;;;;VERSALLES;COMUNA 10
-58.5099863943801;-34.6682028169629;145;CINEMOMETRO FIJO MULTICARRIL;AV. GRAL. PAZ (CARRILES 3 Y 2) RIO LA PLATA;0;Km.17,8;;0;;;;;;;;MATADEROS;COMUNA 9
-58.5099863943801;-34.6682028169629;146;CINEMOMETRO FIJO MULTICARRIL;AV. GRAL. PAZ (CARRILES 3 Y 2) RIACHUELO;0;Km.17,8;;0;;;;;;;;MATADEROS;COMUNA 9
-58.4716599692332;-34.6970188140162;147;CINEMOMETRO FIJO MULTICARRIL;AV. GRAL. PAZ (CARRILES 3 Y 4) RIO LA PLATA;0;Km.22,5;;0;;;;;;;;VILLA RIACHUELO;COMUNA 8
-58.4716838588355;-34.6970188122575;148;CINEMOMETRO FIJO MULTICARRIL;AV. GRAL. PAZ (CARRILES 3 Y 4) RIO LA PLATA;0;Km.22,5;;0;;;;;;;;VILLA RIACHUELO;COMUNA 8
-58.4639037100009;-34.6469997534246;190;CINEMOMETRO FIJO MULTICARRIL;AU1-AU6 RAMAL DE TRANSICION;0;Km 0,1;;0;;;;;;;;PARQUE AVELLANEDA;COMUNA 9
-58.4644874033043;-34.5886386336003;111;CINEMOMETRO FIJO;AV. ELCANO (ASCENDENTE) ENTRE GIRARDOT E ITURRI;0;;;0;;;;;;;;CHACARITA;COMUNA 15
-58.4533420045037;-34.5655867949062;195;DETECCION DE VIOLACION DE LUZ ROJA;AV. CABILDO Y JOSE HERNANDEZ;0;;;0;CABILDO AV. Y JOSE HERNANDEZ;;;;;;;BELGRANO;COMUNA 13
-58.4681697620871;-34.5489566493262;196;DETECCION DE VIOLACION DE LUZ ROJA;AV. CABILDO Y CRISOLOGO LARRALDE;0;;;0;AV. CABILDO Y CRISOLOGO LARRALDE;;;;;;;BELGRANO;COMUNA 13
-58.4599340869083;-34.5582870449036;197;DETECCION DE VIOLACION DE LUZ ROJA;AV. CABILDO Y MONROE;0;;;0;AV. CABILDO Y MONROE;;;;;;;BELGRANO;COMUNA 13
-58.494338889082;-34.5950258830739;198;DETECCION DE VIOLACION DE LUZ ROJA;AV. FRANCISCO BEIRO Y AV. NAZCA;0;;;0;AV. FRANCISCO BEIRO Y AV. NAZCA;BEIRO, FRANCISCO;NAZCA AV.;;;;;AGRONOMIA;COMUNA 15
-58.3764809672033;-34.6400583590043;199;CINEMOMETRO FIJO MULTICARRIL;AU. ARTURO FRONDIZI (DESCENDENTE);0;KM 1,4;;100;;;;;;;;BARRACAS;COMUNA 4
-58.4605695100508;-34.5783349513874;200;DETECCION DE VIOLACION DE LUZ ROJA;ALVAREZ THOMAS Y AV. ELCANO;0;;;0;ALVAREZ THOMAS Y AV. ELCANO;ALVAREZ THOMAS AV.;ELCANO AV.;;;;;COLEGIALES;COMUNA 15
-58.4015392416836;-34.5820576657319;201;DETECCION DE VIOLACION DE LUZ ROJA;AV. DEL LIBERTADOR Y SANCHEZ DE BUSTAMANTE;0;;;0;DEL LIBERTADOR AV.  Y SANCHEZ DE BUSTAMANTE;DEL LIBERTADOR AV.;SANCHEZ DE BUSTAMANTE;;;;;PALERMO;COMUNA 14
-58.3753992667335;-34.5926583650016;202;DETECCION DE VIOLACION DE LUZ ROJA;AV. DEL LIBERTADOR Y RAMOS MEJIA;0;;;0;DEL LIBERTADOR AV.  Y RAMOS MEJIA;DEL LIBERTADOR AV.;RAMOS MEJIA;;;;;RETIRO;COMUNA 1
-58.4678439139764;-34.6113060345501;203;DETECCION DE VIOLACION DE LUZ ROJA;AV. JUAN B. JUSTO Y BOYACA;0;;;0;JUAN B. JUSTO AV. Y BOYACA;JUAN B. JUSTO AV.;BOYACA;;;;;ViILLA GRAL. MITRE;COMUNA 11
-58.459422910678;-34.6138802592982;204;DETECCION DE VIOLACION DE LUZ ROJA;AV. GAONA Y DONATO ALVAREZ;0;;;0;GAONA AV. Y  ALVAREZ, DONATO, TTE. GRAL.;GAONA AV.;DONATO ALVAREZ;;;;;CABALLITO;COMUNA 6
-58.4711173432036;-34.627425384635;205;DETECCION DE VIOLACION DE LUZ ROJA;AV. NAZCA Y BOGOTA;0;;;0;AV. NAZCA Y BOGOTA;AV. NAZCA;BOGOTA;;;;;FLORES;COMUNA 7
