LNG;LAT;ID;PLAZA;TIPO;TIPO_NORMA;MATERIALES;DIAS_Y_HOR;COOPERATIV;CALLE;ALTURA;CALLE2;DIRECCION_;BARRIO;COMUNA;OBSERVACIO
-58.4653094716601;-34.567226390163;1;PLAZA CASTELLI;PUNTO VERDE CON ATENCION;PUNTO_VERDE_CON_ATENCION;PAPEL / CARTON / VIDRIO / METAL / PLASTICO / TETRA-BRIK / TELGOPOR / ACEITE VEGETAL USADO;MIERCOLES A DOMINGOS DE 11 A 19 HS.;AMANECER;CONDE;0;JURAMENTO;CONDE Y JURAMENTO;BELGRANO;COMUNA 13;PARA ENTREGAR LOS MATERIALES, ESTOS DEBEN ESTAR LIMPIOS Y SECOS
-58.424945081451;-34.5892187395623;2;PLAZA ARMENIA;PUNTO VERDE CON ATENCION;PUNTO_VERDE_CON_ATENCION;PAPEL / CARTON / VIDRIO / METAL / PLASTICO / TETRA-BRIK / TELGOPOR / ACEITE VEGETAL USADO;MIERCOLES A DOMINGOS DE 11 A 19 HS.;CEIBO;MALABIA;0;COSTA RICA;MALABIA Y COSTA RICA;PALERMO;COMUNA 14;PARA ENTREGAR LOS MATERIALES, ESTOS DEBEN ESTAR LIMPIOS Y SECOS
-58.468391718268;-34.5470867941395;3;PLAZA BALCARCE;PUNTO VERDE CON ATENCION;PUNTO_VERDE_CON_ATENCION;PAPEL / CARTON / VIDRIO / METAL / PLASTICO / TETRA-BRIK / TELGOPOR / ACEITE VEGETAL USADO;MIERCOLES A DOMINGOS DE 11 A 19 HS.;MADRESELVA;MANZANARES;0;VUELTA DE OBLIGADO;MANZANARES Y VUELTA DE OBLIGADO;NUÑEZ;COMUNA 13;PARA ENTREGAR LOS MATERIALES, ESTOS DEBEN ESTAR LIMPIOS Y SECOS
-58.5038838708361;-34.5763132835616;4;PLAZA LEANDRO N. ALEM;PUNTO VERDE CON ATENCION;PUNTO_VERDE_CON_ATENCION;PAPEL / CARTON / VIDRIO / METAL / PLASTICO / TETRA-BRIK / TELGOPOR / ACEITE VEGETAL USADO;MIERCOLES A DOMINGOS DE 11 A 19 HS.;ALAMO;ARTIGAS;0;LARSEN;ARTIGAS, JOSE GERVASIO, GRAL. Y LARSEN;VILLA PUEYRREDON;COMUNA 12;PARA ENTREGAR LOS MATERIALES, ESTOS DEBEN ESTAR LIMPIOS Y SECOS
-58.4834518640455;-34.629625512447;5;PLAZA VELEZ SARFIELD;PUNTO VERDE CON ATENCION;PUNTO_VERDE_CON_ATENCION;PAPEL / CARTON / VIDRIO / METAL / PLASTICO / TETRA-BRIK / TELGOPOR / ACEITE VEGETAL USADO;MIERCOLES A DOMINGOS DE 11 A 19 HS.;AMANECER;AV. AVELLANEDA;0;CHIVILCOY;AVELLANEDA AV. Y CHIVILCOY;FLORESTA;COMUNA 10;PARA ENTREGAR LOS MATERIALES, ESTOS DEBEN ESTAR LIMPIOS Y SECOS
-58.5166317280531;-34.6494614485641;6;PARQUE SANTOJANNI;PUNTO VERDE CON ATENCION;PUNTO_VERDE_CON_ATENCION;PAPEL / CARTON / VIDRIO / METAL / PLASTICO / TETRA-BRIK / TELGOPOR / ACEITE VEGETAL USADO;MIERCOLES A DOMINGOS DE 11 A 19 HS.;RECOLECTORES DEL OESTE;LISANDRO DE LA TORRE;0;PATRON;DE LA TORRE, LISANDRO Y PATRON;LINIERS;COMUNA 9;PARA ENTREGAR LOS MATERIALES, ESTOS DEBEN ESTAR LIMPIOS Y SECOS
-58.4402033889077;-34.6617677008271;7;ESTACION VILLA SOLDATI;PUNTO VERDE CON ATENCION;PUNTO_VERDE_CON_ATENCION;PAPEL / CARTON / VIDRIO / METAL / PLASTICO / TETRA-BRIK / TELGOPOR / ACEITE VEGETAL USADO;MIERCOLES A DOMINGOS DE 11 A 19 HS.;BAIRES CERO;LUCIO CORREA MORALES;0;LAFUENTE;CORREA MORALES, LUCIO Y LAFUENTE;VILLA SOLDATI;COMUNA 8;PARA ENTREGAR LOS MATERIALES, ESTOS DEBEN ESTAR LIMPIOS Y SECOS
-58.4419608716794;-34.6357169970937;8;PARQUE CHACABUCO;PUNTO VERDE CON ATENCION;PUNTO_VERDE_CON_ATENCION;PAPEL / CARTON / VIDRIO / METAL / PLASTICO / TETRA-BRIK / TELGOPOR / ACEITE VEGETAL USADO;MIERCOLES A DOMINGOS DE 11 A 19 HS.;AMANECER;AV. ASAMBLEA;0;HORTIGUERA;ASAMBLEA AV. Y HORTIGUERA;PARQUE CHACABUCO;COMUNA 7;PARA ENTREGAR LOS MATERIALES, ESTOS DEBEN ESTAR LIMPIOS Y SECOS
-58.4185648302941;-34.6053444341478;9;PLAZA ALMAGRO;PUNTO VERDE CON ATENCION;PUNTO_VERDE_CON_ATENCION;PAPEL / CARTON / VIDRIO / METAL / PLASTICO / TETRA-BRIK / TELGOPOR / ACEITE VEGETAL USADO;MIERCOLES A DOMINGOS DE 11 A 19 HS.;RUO;SARMIENTO;0;BULNES;SARMIENTO Y BULNES;ALMAGRO;COMUNA 5;PARA ENTREGAR LOS MATERIALES, ESTOS DEBEN ESTAR LIMPIOS Y SECOS
-58.3745415925788;-34.6376736948918;10;PLAZA COLOMBIA;PUNTO VERDE CON ATENCION;PUNTO_VERDE_CON_ATENCION;PAPEL / CARTON / VIDRIO / METAL / PLASTICO / TETRA-BRIK / TELGOPOR / ACEITE VEGETAL USADO;MIERCOLES A DOMINGOS DE 11 A 19 HS.;EL TREBOL;AV. MONTES DE OCA;0;BRANDSEN;MONTES DE OCA, MANUEL AV. Y BRANDSEN;BARRACAS;COMUNA 4;PARA ENTREGAR LOS MATERIALES, ESTOS DEBEN ESTAR LIMPIOS Y SECOS
-58.4037546403522;-34.6171961720433;11;PLAZA DR J.M VELAZCO IBARRA;PUNTO VERDE CON ATENCION;PUNTO_VERDE_CON_ATENCION;PAPEL / CARTON / VIDRIO / METAL / PLASTICO / TETRA-BRIK / TELGOPOR / ACEITE VEGETAL USADO;MIERCOLES A DOMINGOS DE 11 A 19 HS.;AMANECER;AV. JUJUY;0;MEXICO;JUJUY AV. Y MEXICO;BALVANERA;COMUNA 3;PARA ENTREGAR LOS MATERIALES, ESTOS DEBEN ESTAR LIMPIOS Y SECOS
-58.3964996681353;-34.5869309276034;12;PLAZOLETA REINO DE TAILANDIA;PUNTO VERDE CON ATENCION;PUNTO_VERDE_CON_ATENCION;PAPEL / CARTON / VIDRIO / METAL / PLASTICO / TETRA-BRIK / TELGOPOR / ACEITE VEGETAL USADO;MIERCOLES A DOMINGOS DE 11 A 19 HS.;AMANECER;AV. PUEYRREDON;0;VICENTE LOPEZ;PUEYRREDON AV. Y LOPEZ, VICENTE;RECOLETA;COMUNA 2;PARA ENTREGAR LOS MATERIALES, ESTOS DEBEN ESTAR LIMPIOS Y SECOS
-58.3758556951065;-34.6221621676058;13;PLAZA ROSARIO VERA PEÑALOZA;PUNTO VERDE CON ATENCION;PUNTO_VERDE_CON_ATENCION;PAPEL / CARTON / VIDRIO / METAL / PLASTICO / TETRA-BRIK / TELGOPOR / ACEITE VEGETAL USADO;MIERCOLES A DOMINGOS DE 11 A 19 HS.;CARTONERA DEL SUR;AV. SAN JUAN;0;CHACABUCO;SAN JUAN AV. Y CHACABUCO;SAN TELMO;COMUNA 1;PARA ENTREGAR LOS MATERIALES, ESTOS DEBEN ESTAR LIMPIOS Y SECOS
-58.4330506142859;-34.6064458661756;14;PUNTO VERDE ESPECIAL - PARQUE CENTENARIO;PUNTO VERDE ESPECIAL;PUNTO_VERDE_ESPECIAL;APARATOS DE INFORMATICA Y COMUNICACION (HASTA 3 UNIDADES MAS SUS ACCESORIOS) / PEQUEÑOS ELECTRODOMESTICOS (HASTA 3 UNIDADES) / PAPEL / CARTON / METAL / VIDRIO / PLASTICO / TELGOPOR / TETRA-BRIK  / ACEITE VEGETAL USADO;MIERCOLES A DOMINGOS DE 11 A 19 HS.;;AV. PATRICIAS ARGENTINAS;0;AV. ROENTGEN;PATRICIAS ARGENTINAS AV. Y ROENTGEN, AV.;CABALLITO;COMUNA 6;PARA ENTREGAR LOS MATERIALES, ESTOS DEBEN ESTAR LIMPIOS Y SECOS
-58.4814758259298;-34.5518218448997;15;PARQUE SAAVEDRA;PUNTO VERDE CON ATENCION;PUNTO_VERDE_CON_ATENCION;PAPEL / CARTON / VIDRIO / METAL / PLASTICO / TETRA-BRIK / TELGOPOR / ACEITE VEGETAL USADO;MIERCOLES A DOMINGOS DE 11 A 19 HS.;MADRESELVA;ROQUE PEREZ;0;PAROISSIEN;PEREZ, ROQUE Y PAROISSIEN;SAAVEDRA;COMUNA 12;PARA ENTREGAR LOS MATERIALES, ESTOS DEBEN ESTAR LIMPIOS Y SECOS
-58.4626639515872;-34.5801101790133;16;PLAZA 25 DE AGOSTO;PUNTO VERDE CON ATENCION;PUNTO_VERDE_CON_ATENCION;PAPEL / CARTON / VIDRIO / METAL / PLASTICO / TETRA-BRIK / TELGOPOR / ACEITE VEGETAL USADO;MIERCOLES A DOMINGOS DE 11 A 19 HS.;AMANECER;CHARLONE;0;HEREDIA;CHARLONE Y HEREDIA;VILLA ORTUZAR;COMUNA 15;PARA ENTREGAR LOS MATERIALES, ESTOS DEBEN ESTAR LIMPIOS Y SECOS
-58.4078113133035;-34.5977740370326;17;PLAZA MONSEÑOR DE ANDREA;PUNTO VERDE CON ATENCION;PUNTO_VERDE_CON_ATENCION;PAPEL / CARTON / VIDRIO / METAL / PLASTICO / TETRA-BRIK / TELGOPOR / ACEITE VEGETAL USADO;MIERCOLES A DOMINGOS DE 11 A 19 HS.;CEIBO;ANCHORENA;0;AV. CORDOBA;ANCHORENA, TOMAS MANUEL DE, DR. Y CORDOBA AV.;BALVANERA;COMUNA 3;PARA ENTREGAR LOS MATERIALES, ESTOS DEBEN ESTAR LIMPIOS Y SECOS
-58.4934643909014;-34.6058758112926;18;PLAZA ARISTOBULO DEL VALLE;PUNTO VERDE CON ATENCION;PUNTO_VERDE_CON_ATENCION;PAPEL / CARTON / VIDRIO / METAL / PLASTICO / TETRA-BRIK / TELGOPOR / ACEITE VEGETAL USADO;MIERCOLES A DOMINGOS DE 11 A 19 HS.;ALAMO;CAMPANA;0;BAIGORRIA;CAMPANA Y BAIGORRIA;VILLA DEL PARQUE;COMUNA 11;PARA ENTREGAR LOS MATERIALES, ESTOS DEBEN ESTAR LIMPIOS Y SECOS
-58.3981260096034;-34.611182741221;19;PLAZA 1RO DE MAYO;PUNTO VERDE CON ATENCION;PUNTO_VERDE_CON_ATENCION;PAPEL / CARTON / VIDRIO / METAL / PLASTICO / TETRA-BRIK / TELGOPOR / ACEITE VEGETAL USADO;MIERCOLES A DOMINGOS DE 11 A 19 HS.;AMANECER;HIPOLITO YRIGOYEN;0;PASCO;YRIGOYEN, HIPOLITO Y PASCO;BALVANERA;COMUNA 3;PARA ENTREGAR LOS MATERIALES, ESTOS DEBEN ESTAR LIMPIOS Y SECOS
-58.4127311056659;-34.622099829347;20;PLAZA BOEDO;PUNTO VERDE CON ATENCION;PUNTO_VERDE_CON_ATENCION;PAPEL / CARTON / VIDRIO / METAL / PLASTICO / TETRA-BRIK / TELGOPOR / ACEITE VEGETAL USADO;MIERCOLES A DOMINGOS DE 11 A 19 HS.;AMANECER;ESTADOS UNIDOS;0;SANCHEZ DE LORIA;ESTADOS UNIDOS Y SANCHEZ DE LORIA;BOEDO;COMUNA 5;PARA ENTREGAR LOS MATERIALES, ESTOS DEBEN ESTAR LIMPIOS Y SECOS
-58.4753055220067;-34.6878324250602;21;PLAZAÂ SUDAMERICA;PUNTO VERDE CON ATENCION;PUNTO_VERDE_CON_ATENCION;PAPEL / CARTON / VIDRIO / METAL / PLASTICO / TETRA-BRIK / TELGOPOR / ACEITE VEGETAL USADO;MIERCOLES A DOMINGOS DE 11 A 19 HS.;BAIRES CERO;PIEDRA BUENA AV.;0;FERNANDEZ DE LA CRUZ, F. GRAL., AV.;PIEDRA BUENA AV. Y FERNANDEZ DE LA CRUZ, F., GRAL. AV.;VILLA RIACHUELO;COMUNA 8;PARA ENTREGAR LOS MATERIALES, ESTOS DEBEN ESTAR LIMPIOS Y SECOS
-58.448553913197;-34.5922406687306;22;PARQUE LOS ANDES;PUNTO VERDE CON ATENCION;PUNTO_VERDE_CON_ATENCION;PAPEL / CARTON / VIDRIO / METAL / PLASTICO / TETRA-BRIK / TELGOPOR / ACEITE VEGETAL USADO;MIERCOLES A DOMINGOS DE 11 A 19 HS.;AMANECER;DORREGO AV.;0;AV. GUZMAN;DORREGO AV. Y GUZMAN;CHACARITA;COMUNA 15;PARA ENTREGAR LOS MATERIALES, ESTOS DEBEN ESTAR LIMPIOS Y SECOS
-58.4161625492261;-34.5892930194736;23;PLAZA GÜEMES;PUNTO VERDE CON ATENCION;PUNTO_VERDE_CON_ATENCION;PAPEL / CARTON / VIDRIO / METAL / PLASTICO / TETRA-BRIK / TELGOPOR / ACEITE VEGETAL USADO;MIERCOLES A DOMINGOS DE 11 A 19 HS.;CEIBO;MEDRANO;0;CHARCAS;MEDRANO Y CHARCAS;PALERMO;COMUNA 14;PARA ENTREGAR LOS MATERIALES, ESTOS DEBEN ESTAR LIMPIOS Y SECOS
-58.4548527674067;-34.5612313937598;24;PLAZA GRAL. MANUEL BELGRANO;PUNTO VERDE CON ATENCION;PUNTO_VERDE_CON_ATENCION;PAPEL / CARTON / VIDRIO / METAL / PLASTICO / TETRA-BRIK / TELGOPOR / ACEITE VEGETAL USADO;MIERCOLES A DOMINGOS DE 11 A 19 HS.;MADRESELVA;CUBA;0;AV. JURAMENTO;CUBA Y JURAMENTO AV.;BELGRANO;COMUNA 13;PARA ENTREGAR LOS MATERIALES, ESTOS DEBEN ESTAR LIMPIOS Y SECOS
-58.5124292567045;-34.6003541927164;25;PUNTO VERDE ESPECIAL - PLAZA ARENALES;PUNTO VERDE ESPECIAL;PUNTO_VERDE_ESPECIAL;APARATOS DE INFORMATICA Y COMUNICACION (HASTA 3 UNIDADES MAS SUS ACCESORIOS) / PEQUEÑOS ELECTRODOMESTICOS (HASTA 3 UNIDADES) / PAPEL / CARTON / METAL / VIDRIO / PLASTICO / TELGOPOR / TETRA-BRICK;MIERCOLES A DOMINGOS DE 10 A 19 HS.;;NUEVA YORK;0;MERCEDES;NUEVA YORK Y MERCEDES;VILLA DEVOTO;COMUNA 11;PARA ENTREGAR LOS MATERIALES, ESTOS DEBEN ESTAR LIMPIOS Y SECOS
-58.5084848960134;-34.6264557896207;26;PLAZA DON BOSCO;PUNTO VERDE CON ATENCION;PUNTO_VERDE_CON_ATENCION;PAPEL / CARTON / VIDRIO / METAL / PLASTICO / TETRA-BRIK / TELGOPOR / ACEITE VEGETAL USADO;MIERCOLES A DOMINGOS DE 11 A 19 HS.;RUO;LOPE DE VEGA AV.;0;ELPIDIO GONZALEZ;LOPE DE VEGA AV. Y GONZALEZ, ELPIDIO;MONTE CASTRO;COMUNA 10;PARA ENTREGAR LOS MATERIALES, ESTOS DEBEN ESTAR LIMPIOS Y SECOS
-58.4817947238897;-34.6433319447114;27;PARQUE AVELLANEDA;PUNTO VERDE CON ATENCION;PUNTO_VERDE_CON_ATENCION;PAPEL / CARTON / VIDRIO / METAL / PLASTICO / TETRA-BRIK / TELGOPOR / ACEITE VEGETAL USADO;MIERCOLES A DOMINGOS DE 11 A 19 HS.;RUO;AV DIRECTORIO;0;FERNANDEZ;DIRECTORIO AV. Y FERNANDEZ;PARQUE AVELLANEDA;COMUNA 9;PARA ENTREGAR LOS MATERIALES, ESTOS DEBEN ESTAR LIMPIOS Y SECOS
-58.4642200355938;-34.6280359189893;28;PLAZA PUEYRREDON;PUNTO VERDE CON ATENCION;PUNTO_VERDE_CON_ATENCION;PAPEL / CARTON / VIDRIO / METAL / PLASTICO / TETRA-BRIK / TELGOPOR / ACEITE VEGETAL USADO;MIERCOLES A DOMINGOS DE 11 A 19 HS.;RUO;YERBAL;0;ARTIGAS;YERBAL Y ARTIGAS, JOSE GERVASIO, GRAL.;FLORES;COMUNA 7;PARA ENTREGAR LOS MATERIALES, ESTOS DEBEN ESTAR LIMPIOS Y SECOS
-58.4341927502845;-34.6174901201364;29;PARQUE RIVADAVIA;PUNTO VERDE CON ATENCION;PUNTO_VERDE_CON_ATENCION;PAPEL / CARTON / VIDRIO / METAL / PLASTICO / TETRA-BRIK / TELGOPOR / ACEITE VEGETAL USADO;MIERCOLES A DOMINGOS DE 11 A 19 HS.;AMANECER;RIVADAVIA AV.;0;FLORENCIO BALCARCE;RIVADAVIA AV. Y BALCARCE, FLORENCIO;CABALLITO;COMUNA 6;PARA ENTREGAR LOS MATERIALES, ESTOS DEBEN ESTAR LIMPIOS Y SECOS
-58.4054010939297;-34.6372529634786;30;PARQUE PATRICIOS;PUNTO VERDE CON ATENCION;PUNTO_VERDE_CON_ATENCION;PAPEL / CARTON / VIDRIO / METAL / PLASTICO / TETRA-BRIK / TELGOPOR / ACEITE VEGETAL USADO;MIERCOLES A DOMINGOS DE 11 A 19 HS.;TRABAJO Y DIGNIDAD;CASEROS AV.;0;MONTEAGUDO;CASEROS AV. Y MONTEAGUDO;PARQUE PATRICIOS;COMUNA 4;PARA ENTREGAR LOS MATERIALES, ESTOS DEBEN ESTAR LIMPIOS Y SECOS
-58.3660212877511;-34.6123377501642;31;PUERTO MADERO;PUNTO VERDE CON ATENCION;PUNTO_VERDE_CON_ATENCION;PAPEL / CARTON / VIDRIO / METAL / PLASTICO / TETRA-BRIK / TELGOPOR / ACEITE VEGETAL USADO;MIERCOLES A DOMINGOS DE 11 A 19 HS.;CEIBO;ALICIA MOREAU DE JUSTO;0;AZUCENA VILLAFLOR;MOREAU DE JUSTO, ALICIA AV. Y VILLAFLOR, AZUCENA;PUERTO MADERO;COMUNA 1;PARA ENTREGAR LOS MATERIALES, ESTOS DEBEN ESTAR LIMPIOS Y SECOS
-58.3773980822608;-34.5955386221801;32;PLAZA SAN MARTIN;PUNTO VERDE CON ATENCION;PUNTO_VERDE_CON_ATENCION;PAPEL / CARTON / VIDRIO / METAL / PLASTICO / TETRA-BRIK / TELGOPOR / ACEITE VEGETAL USADO;MIERCOLES A DOMINGOS DE 11 A 19 HS.;AMANECER;AV. SANTA FE;0;MAIPU;SANTA FE AV. Y MAIPU;RETIRO;COMUNA 1;PARA ENTREGAR LOS MATERIALES, ESTOS DEBEN ESTAR LIMPIOS Y SECOS
-58.4047256146205;-34.6242514813174;33;PLAZA VEA;PUNTO VERDE CON ATENCION;PUNTO_VERDE_CON_ATENCION;PAPEL / CARTON / VIDRIO / METAL / PLASTICO / TETRA-BRIK / TELGOPOR / ACEITE VEGETAL USADO;MIERCOLES A DOMINGOS DE 11 A 19 HS.;AMANECER;SAN JUAN;0;DEAN FUNES;SAN JUAN AV. Y DEAN FUNES;SAN CRISTOBAL;COMUNA 3;PARA ENTREGAR LOS MATERIALES, ESTOS DEBEN ESTAR LIMPIOS Y SECOS
-58.4647672702473;-34.6775016157103;34;VILLA 20;PUNTO VERDE CON ATENCION;PUNTO_VERDE_CON_ATENCION;PAPEL / CARTON / VIDRIO / METAL / PLASTICO / TETRA-BRIK / TELGOPOR / ACEITE VEGETAL USADO;MIERCOLES A DOMINGOS DE 11 A 19 HS.;BAIRES CERO;POLA;0;FERNANDEZ DE LA CRUZ;POLA Y FERNANDEZ DE LA CRUZ, F., GRAL. AV.;VILLA LUGANO;COMUNA 8;PARA ENTREGAR LOS MATERIALES, ESTOS DEBEN ESTAR LIMPIOS Y SECOS
-58.4594488066595;-34.6138849526817;35;PLAZA IRLANDA;PUNTO VERDE CON ATENCION;PUNTO_VERDE_CON_ATENCION;PAPEL / CARTON / VIDRIO / METAL / PLASTICO / TETRA-BRIK / TELGOPOR / ACEITE VEGETAL USADO;MIERCOLES A DOMINGOS DE 11 A 19 HS.;RUO;DONATO ÃLVAREZ;0;GAONA;ALVAREZ, DONATO, TTE. GRAL. Y GAONA AV.;CABALLITO;COMUNA 6;PARA ENTREGAR LOS MATERIALES, ESTOS DEBEN ESTAR LIMPIOS Y SECOS
-58.4877573473134;-34.5595618078195;36;PLAZA ALBERDI;PUNTO VERDE CON ATENCION;PUNTO_VERDE_CON_ATENCION;PAPEL / CARTON / VIDRIO / METAL / PLASTICO / TETRA-BRIK / TELGOPOR / ACEITE VEGETAL USADO;MIERCOLES A DOMINGOS DE 11 A 19 HS.;MADRESELVA;LARRALDE;0;MARIANO ACHA;LARRALDE, CRISOLOGO AV. Y ACHA, MARIANO, GRAL.;SAAVEDRA;COMUNA 12;PARA ENTREGAR LOS MATERIALES, ESTOS DEBEN ESTAR LIMPIOS Y SECOS
-58.4493151966832;-34.6363793541752;37;ESTACION MEDALLA MILAGROSA (SUBTE E);PUNTO VERDE CON ATENCION;PUNTO_VERDE_CON_ATENCION;PAPEL / CARTON / VIDRIO / METAL / PLASTICO / TETRA-BRIK / TELGOPOR / ACEITE VEGETAL USADO;MIERCOLES A DOMINGOS DE 11 A 19 HS.;RUO;AV. EVA PERON;1900;;PERON, EVA AV. 1900;PARQUE CHACABUCO;COMUNA 7;PARA ENTREGAR LOS MATERIALES, ESTOS DEBEN ESTAR LIMPIOS Y SECOS
-58.5208907158006;-34.6280537555576;38;PLAZA CIUDAD DE BANFF;PUNTO VERDE CON ATENCION;PUNTO_VERDE_CON_ATENCION;PAPEL / CARTON / VIDRIO / METAL / PLASTICO / TETRA-BRIK / TELGOPOR / ACEITE VEGETAL USADO;MIERCOLES A DOMINGOS DE 11 A 19 HS.;RUO;ARREGUI;0;LISBOA;ARREGUI AV. Y LISBOA;VERSALLES;COMUNA 10;PARA ENTREGAR LOS MATERIALES, ESTOS DEBEN ESTAR LIMPIOS Y SECOS
-58.468089325886;-34.6104125599157;39;PLAZA DE ROQUE SAENZ PEÑA (PAPPO);PUNTO VERDE CON ATENCION;PUNTO_VERDE_CON_ATENCION;PAPEL / CARTON / VIDRIO / METAL / PLASTICO / TETRA-BRIK / TELGOPOR / ACEITE VEGETAL USADO;MIERCOLES A DOMINGOS DE 11 A 19 HS.;AMANECER;REMEDIO DE ESCALADA;0;BOYACA;ESCALADA DE SAN MARTIN, R. Y BOYACA;VILLA GRAL. MITRE;COMUNA 11;PARA ENTREGAR LOS MATERIALES, ESTOS DEBEN ESTAR LIMPIOS Y SECOS
-58.4914811166312;-34.6024766796329;40;RACING CLUB SEDE VILLA DEL PARQUE;PUNTO VERDE DE INTERIOR (TOTEM);PUNTO_VERDE_DE_INTERIOR_TOTEM;PAPEL / CARTON / VIDRIO / METAL / PLASTICO / TETRA-BRIK / TELGOPOR;HORARIO DE ATENCION DEL EDIFICIO EN EL QUE ESTA INSTALADO;ALAMO;NOGOYA;3045;;NOGOYA 3045;VILLA DEL PARQUE;COMUNA 11;PARA ENTREGAR LOS MATERIALES, ESTOS DEBEN ESTAR LIMPIOS Y SECOS
-58.4444010760112;-34.5831917274978;41;MERCADO DE PULGAS;PUNTO VERDE DE INTERIOR (TOTEM);PUNTO_VERDE_DE_INTERIOR_TOTEM;PAPEL / CARTON / VIDRIO / METAL / PLASTICO / TETRA-BRIK / TELGOPOR;HORARIO DE ATENCION DEL EDIFICIO EN EL QUE ESTA INSTALADO;AMANECER;AV. DORREGO;0;AV. NICETO VEGA;DORREGO AV. Y VEGA, NICETO, CNEL. AV.;PALERMO;COMUNA 14;PARA ENTREGAR LOS MATERIALES, ESTOS DEBEN ESTAR LIMPIOS Y SECOS
-58.4578284377231;-34.5624841539833;42;MERCADO DE BELGRANO;PUNTO VERDE DE INTERIOR (TOTEM);PUNTO_VERDE_DE_INTERIOR_TOTEM;PAPEL / CARTON / VIDRIO / METAL / PLASTICO / TETRA-BRIK / TELGOPOR;HORARIO DE ATENCION DEL EDIFICIO EN EL QUE ESTA INSTALADO;MADRESELVA;JURAMENTO;2501;;JURAMENTO AV. 2501;BELGRANO;COMUNA 13;PARA ENTREGAR LOS MATERIALES, ESTOS DEBEN ESTAR LIMPIOS Y SECOS
-58.4378717074793;-34.5835483354191;43;MERCADO DE BONPLAND;PUNTO VERDE DE INTERIOR (TOTEM);PUNTO_VERDE_DE_INTERIOR_TOTEM;PAPEL / CARTON / VIDRIO / METAL / PLASTICO / TETRA-BRIK / TELGOPOR;HORARIO DE ATENCION DEL EDIFICIO EN EL QUE ESTA INSTALADO;AMANECER;BONPLAND;1660;;BONPLAND 1660;PALERMO;COMUNA 14;PARA ENTREGAR LOS MATERIALES, ESTOS DEBEN ESTAR LIMPIOS Y SECOS
-58.3922181139494;-34.5997792587847;44;MERCADO DE SAN NICOLAS;PUNTO VERDE DE INTERIOR (TOTEM);PUNTO_VERDE_DE_INTERIOR_TOTEM;PAPEL / CARTON / VIDRIO / METAL / PLASTICO / TETRA-BRIK / TELGOPOR;HORARIO DE ATENCION DEL EDIFICIO EN EL QUE ESTA INSTALADO;AMANECER;AV. CORDOBA;1750;;CORDOBA AV. 1750;SAN NICOLAS;COMUNA 1;PARA ENTREGAR LOS MATERIALES, ESTOS DEBEN ESTAR LIMPIOS Y SECOS
-58.3795399508893;-34.6548272315099;45;CMD;PUNTO VERDE DE INTERIOR (TOTEM);PUNTO_VERDE_DE_INTERIOR_TOTEM;PAPEL / CARTON / VIDRIO / METAL / PLASTICO / TETRA-BRIK / TELGOPOR;HORARIO DE ATENCION DEL EDIFICIO EN EL QUE ESTA INSTALADO;ALELI;ALGARROBO;1041;;ALGARROBO 1041;BARRACAS;COMUNA 4;PARA ENTREGAR LOS MATERIALES, ESTOS DEBEN ESTAR LIMPIOS Y SECOS
-58.3704812328452;-34.6059248587355;46;MINISTERIO DEL INTERIOR;PUNTO VERDE DE INTERIOR (TOTEM);PUNTO_VERDE_DE_INTERIOR_TOTEM;PAPEL / CARTON / VIDRIO / METAL / PLASTICO / TETRA-BRIK / TELGOPOR;HORARIO DE ATENCION DEL EDIFICIO EN EL QUE ESTA INSTALADO;AMANECER;AV. LEANDRO N. ALEM;150;;ALEM, LEANDRO N. AV. 150;SAN NICOLAS;COMUNA 1;PARA ENTREGAR LOS MATERIALES, ESTOS DEBEN ESTAR LIMPIOS Y SECOS
-58.483493233908;-34.6319429066532;47;SEDE COMUNA 10;PUNTO VERDE DE INTERIOR (TOTEM);PUNTO_VERDE_DE_INTERIOR_TOTEM;PAPEL / CARTON / VIDRIO / METAL / PLASTICO / TETRA-BRIK / TELGOPOR;HORARIO DE ATENCION DEL EDIFICIO EN EL QUE ESTA INSTALADO;RUO;BACACAY;3968;;BACACAY 3968;FLORESTA;COMUNA 10;PARA ENTREGAR LOS MATERIALES, ESTOS DEBEN ESTAR LIMPIOS Y SECOS
-58.5086125950734;-34.6390503182924;48;PLAZA EJERCITO DE LOS ANDES;PUNTO VERDE CON ATENCION;PUNTO_VERDE_CON_ATENCION;PAPEL / CARTON / VIDRIO / METAL / PLASTICO / TETRA-BRIK / TELGOPOR / ACEITE VEGETAL USADO;MIERCOLES A DOMINGOS DE 11 A 19 HS.;RUO;RIVADAVIA;10300;;RIVADAVIA AV. 10300;VILLA LURO;COMUNA 10;PARA ENTREGAR LOS MATERIALES, ESTOS DEBEN ESTAR LIMPIOS Y SECOS
-58.4328077486454;-34.6056004980668;49;SEDE COMUNA 6;PUNTO VERDE DE INTERIOR (TOTEM);PUNTO_VERDE_DE_INTERIOR_TOTEM;PAPEL / CARTON / VIDRIO / METAL / PLASTICO / TETRA-BRIK / TELGOPOR;HORARIO DE ATENCION DEL EDIFICIO EN EL QUE ESTA INSTALADO;AMANECER;AV. PATRICIAS ARGENTINAS;277;;PATRICIAS ARGENTINAS AV. 277;CABALLITO;COMUNA 6;PARA ENTREGAR LOS MATERIALES, ESTOS DEBEN ESTAR LIMPIOS Y SECOS
-58.4092950443613;-34.5871539229268;50;SEDE COMUNA 14;PUNTO VERDE DE INTERIOR (TOTEM);PUNTO_VERDE_DE_INTERIOR_TOTEM;PAPEL / CARTON / VIDRIO / METAL / PLASTICO / TETRA-BRIK / TELGOPOR;HORARIO DE ATENCION DEL EDIFICIO EN EL QUE ESTA INSTALADO;CEIBO;BERUTI;3325;;BERUTI 3325;PALERMO;COMUNA 14;PARA ENTREGAR LOS MATERIALES, ESTOS DEBEN ESTAR LIMPIOS Y SECOS
-58.441557363601;-34.6211179761868;51;MERCADO DEL PROGRESO;PUNTO VERDE DE INTERIOR (TOTEM);PUNTO_VERDE_DE_INTERIOR_TOTEM;PAPEL / CARTON / VIDRIO / METAL / PLASTICO / TETRA-BRIK / TELGOPOR;HORARIO DE ATENCION DEL EDIFICIO EN EL QUE ESTA INSTALADO;RUO;AV. RIVADAVIA;5430;;RIVADAVIA AV. 5430;CABALLITO;COMUNA 6;PARA ENTREGAR LOS MATERIALES, ESTOS DEBEN ESTAR LIMPIOS Y SECOS
-58.3698346437657;-34.6289667271251;52;PALACIO LEZAMA;PUNTO VERDE DE INTERIOR (TOTEM);PUNTO_VERDE_DE_INTERIOR_TOTEM;PAPEL / CARTON / VIDRIO / METAL / PLASTICO / TETRA-BRIK / TELGOPOR;HORARIO DE ATENCION DEL EDIFICIO EN EL QUE ESTA INSTALADO;EL TREBOL;MARTIN GARCIA;346;;GARCIA, MARTIN AV. 346;BOCA;COMUNA 4;PARA ENTREGAR LOS MATERIALES, ESTOS DEBEN ESTAR LIMPIOS Y SECOS
-58.4510236480294;-34.5572712834662;53;BARRIO CHINO 2;PUNTO VERDE COMPACTADOR;PUNTO_VERDE_COMPACTADOR;PAPEL / CARTON / VIDRIO / METAL / PLASTICO / TETRA-BRIK / TELGOPOR;LUNES A DOMINGO, LAS 24 HS.;MADRESELVA;ARRIBEÑOS;2200;;ARRIBEÑOS 2200;BELGRANO;COMUNA 13;PARA ENTREGAR LOS MATERIALES, ESTOS DEBEN ESTAR LIMPIOS Y SECOS
-58.3750057288765;-34.6072021287002;54;DIAGONAL NORTE Y FLORIDA;PUNTO VERDE COMPACTADOR;PUNTO_VERDE_COMPACTADOR;PAPEL / CARTON / VIDRIO / METAL / PLASTICO / TETRA-BRIK / TELGOPOR;LUNES A DOMINGO, LAS 24 HS.;AMANECER;DIAGONAL NORTE;0;FLORIDA;SAENZ PEÑA, ROQUE, PRES. DIAGONAL NORTE AV. Y FLORIDA;SAN NICOLAS;COMUNA 1;PARA ENTREGAR LOS MATERIALES, ESTOS DEBEN ESTAR LIMPIOS Y SECOS
-58.3917442320714;-34.5838544290076;55;FACULTAD DE DERECHO;PUNTO VERDE COMPACTADOR;PUNTO_VERDE_COMPACTADOR;PAPEL / CARTON / VIDRIO / METAL / PLASTICO / TETRA-BRIK / TELGOPOR;LUNES A DOMINGO, LAS 24 HS.;CEIBO;FIGUEROA ALCORTA;2200;;FIGUEROA ALCORTA, PRES. AV. 2200;RECOLETA;COMUNA 2;PARA ENTREGAR LOS MATERIALES, ESTOS DEBEN ESTAR LIMPIOS Y SECOS
-58.3908670987227;-34.5879312249325;56;RESTAURANT LA BIELA;PUNTO VERDE COMPACTADOR;PUNTO_VERDE_COMPACTADOR;PAPEL / CARTON / VIDRIO / METAL / PLASTICO / TETRA-BRIK / TELGOPOR;LUNES A DOMINGO, LAS 24 HS.;CEIBO;AV. QUINTANA;500;;QUINTANA, MANUEL, PRES. AV. 500;RECOLETA;COMUNA 2;PARA ENTREGAR LOS MATERIALES, ESTOS DEBEN ESTAR LIMPIOS Y SECOS
-58.4035620610442;-34.5777761291676;57;MALBA;PUNTO VERDE COMPACTADOR;PUNTO_VERDE_COMPACTADOR;PAPEL / CARTON / VIDRIO / METAL / PLASTICO / TETRA-BRIK / TELGOPOR;LUNES A DOMINGO, LAS 24 HS.;CEIBO;FIGUEROA ALCORTA;3400;;FIGUEROA ALCORTA, PRES. AV. 3400;PALERMO;COMUNA 14;PARA ENTREGAR LOS MATERIALES, ESTOS DEBEN ESTAR LIMPIOS Y SECOS
-58.3756007433316;-34.5964410008218;58;PLAZA SAN MARTIN;PUNTO VERDE COMPACTADOR;PUNTO_VERDE_COMPACTADOR;PAPEL / CARTON / VIDRIO / METAL / PLASTICO / TETRA-BRIK / TELGOPOR;LUNES A DOMINGO, LAS 24 HS.;AMANECER;MARCELO T. DE ALVEAR;600;;ALVEAR, MARCELO T. DE 600;RETIRO;COMUNA 1;PARA ENTREGAR LOS MATERIALES, ESTOS DEBEN ESTAR LIMPIOS Y SECOS
-58.365713127676;-34.6129170089403;59;UCA;PUNTO VERDE COMPACTADOR;PUNTO_VERDE_COMPACTADOR;PAPEL / CARTON / VIDRIO / METAL / PLASTICO / TETRA-BRIK / TELGOPOR;LUNES A DOMINGO, LAS 24 HS.;CEIBO;JUANA MANUELA GORRITI;1200;;GORRITI JUANA MANUELA 1200;PUERTO MADERO;COMUNA 1;PARA ENTREGAR LOS MATERIALES, ESTOS DEBEN ESTAR LIMPIOS Y SECOS
-58.4733746104926;-34.6213190887468;60;PLAZA DE LOS PERIODISTAS;PUNTO VERDE CON ATENCION;PUNTO_VERDE_CON_ATENCION;PAPEL / CARTON / VIDRIO / METAL / PLASTICO / TETRA-BRIK / TELGOPOR / ACEITE VEGETAL USADO;MIERCOLES A DOMINGOS DE 11 A 19 HS.;RUO;NAZCA;0;NEUQUEN;NAZCA  AV. Y NEUQUEN;FLORES;COMUNA 7;PARA ENTREGAR LOS MATERIALES, ESTOS DEBEN ESTAR LIMPIOS Y SECOS
-58.484957915396;-34.5879520585587;61;PLAZA NOBEL;PUNTO VERDE CON ATENCION;PUNTO_VERDE_CON_ATENCION;PAPEL / CARTON / VIDRIO / METAL / PLASTICO / TETRA-BRIK / TELGOPOR / ACEITE VEGETAL USADO;MIERCOLES A DOMINGOS DE 11 A 19 HS.;ALAMO;BUCAREST;0;HAMBURGO;BUCAREST Y HAMBURGO;PARQUE CHAS;COMUNA 15;PARA ENTREGAR LOS MATERIALES, ESTOS DEBEN ESTAR LIMPIOS Y SECOS
-58.4986913834034;-34.6162609940357;62;CLUB ALL BOYS;PUNTO VERDE DE INTERIOR (TOTEM);PUNTO_VERDE_DE_INTERIOR_TOTEM;PAPEL / CARTON / VIDRIO / METAL / PLASTICO / TETRA-BRIK / TELGOPOR;HORARIO DE ATENCION DEL EDIFICIO EN EL QUE ESTA INSTALADO;ALAMO;ALVAREZ JONTE;4180;;ALVAREZ JONTE AV. 4180;MONTE CASTRO;COMUNA 10;PARA ENTREGAR LOS MATERIALES, ESTOS DEBEN ESTAR LIMPIOS Y SECOS
-58.4247672943474;-34.6502572388878;63;SEDE COMUNA 4;PUNTO VERDE DE INTERIOR (TOTEM);PUNTO_VERDE_DE_INTERIOR_TOTEM;PAPEL / CARTON / VIDRIO / METAL / PLASTICO / TETRA-BRIK / TELGOPOR;HORARIO DE ATENCION DEL EDIFICIO EN EL QUE ESTA INSTALADO;TRABAJO Y DIGNIDAD;DEL BARCO CENTENERA;2906;;BARCO CENTENERA DEL 2906;NUEVA POMPEYA;COMUNA 4;PARA ENTREGAR LOS MATERIALES, ESTOS DEBEN ESTAR LIMPIOS Y SECOS
-58.3656815388326;-34.6080197146461;64;PUENTE DE LA MUJER;PUNTO VERDE COMPACTADOR;PUNTO_VERDE_COMPACTADOR;PAPEL / CARTON / VIDRIO / METAL / PLASTICO / TETRA-BRIK / TELGOPOR;LUNES A DOMINGO, LAS 24 HS.;CEIBO;JUANA MANUELA GORRITI;800;;GORRITI JUANA MANUELA 800;PUERTO MADERO;COMUNA 1;PARA ENTREGAR LOS MATERIALES, ESTOS DEBEN ESTAR LIMPIOS Y SECOS
-58.5126848414409;-34.6341355344141;65;CLUB VELEZ SARSFIELD;PUNTO VERDE DE INTERIOR (TOTEM);PUNTO_VERDE_DE_INTERIOR_TOTEM;PAPEL / CARTON / VIDRIO / METAL / PLASTICO / TETRA-BRIK / TELGOPOR;HORARIO DE ATENCION DEL EDIFICIO EN EL QUE ESTA INSTALADO;RUO;AV. JUAN B. JUSTO;8800;;JUSTO, JUAN B. AV. 8800;VERSALLES;COMUNA 10;PARA ENTREGAR LOS MATERIALES, ESTOS DEBEN ESTAR LIMPIOS Y SECOS
-58.467180679348;-34.5886001975249;66;PLAZA MALAVER;PUNTO VERDE CON ATENCION;PUNTO_VERDE_CON_ATENCION;PAPEL / CARTON / VIDRIO / METAL / PLASTICO / TETRA-BRIK / TELGOPOR / ACEITE VEGETAL USADO;MIERCOLES A DOMINGOS DE 11 A 19 HS.;AMANECER;MONTENEGRO;0;HEREDIA;MONTENEGRO Y HEREDIA;VILLA ORTUZAR;COMUNA 15;PARA ENTREGAR LOS MATERIALES, ESTOS DEBEN ESTAR LIMPIOS Y SECOS
-58.5031104179223;-34.6601347257556;67;PARQUE ALBERDI;PUNTO VERDE CON ATENCION;PUNTO_VERDE_CON_ATENCION;PAPEL / CARTON / VIDRIO / METAL / PLASTICO / TETRA-BRIK / TELGOPOR / ACEITE VEGETAL USADO;MIERCOLES A DOMINGOS DE 11 A 19 HS.;RECOLECTORES DEL OESTE;DIRECTORIO;0;LISANDRO DE LA TORRE;DIRECTORIO AV. Y DE LA TORRE, LISANDRO AV.;MATADEROS;COMUNA 9;PARA ENTREGAR LOS MATERIALES, ESTOS DEBEN ESTAR LIMPIOS Y SECOS
-58.3990098954512;-34.5966492074738;68;SEDE COMUNA 2;PUNTO VERDE DE INTERIOR (TOTEM);PUNTO_VERDE_DE_INTERIOR_TOTEM;PAPEL / CARTON / VIDRIO / METAL / PLASTICO / TETRA-BRIK / TELGOPOR;HORARIO DE ATENCION DEL EDIFICIO EN EL QUE ESTA INSTALADO;CEIBO;PRES. JOSE E. URIBURU;1022;;URIBURU JOSE E., PRES. 1022;RECOLETA;COMUNA 2;PARA ENTREGAR LOS MATERIALES, ESTOS DEBEN ESTAR LIMPIOS Y SECOS
-58.4446615483599;-34.6048989570286;69;PLAZA BENITO NAZAR;PUNTO VERDE CON ATENCION;PUNTO_VERDE_CON_ATENCION;PAPEL / CARTON / VIDRIO / METAL / PLASTICO / TETRA-BRIK / TELGOPOR / ACEITE VEGETAL USADO;MIERCOLES A DOMINGOS DE 11 A 19 HS.;AMANECER;ANTEZANA;0;OLAYA;ANTEZANA Y OLAYA;VILLA CRESPO;COMUNA 15;PARA ENTREGAR LOS MATERIALES, ESTOS DEBEN ESTAR LIMPIOS Y SECOS
-58.4743731875924;-34.6459455943673;70;POLIDEP. PARQUE AVELLANEDA;PUNTO VERDE DE INTERIOR (TOTEM);PUNTO_VERDE_DE_INTERIOR_TOTEM;PAPEL / CARTON / VIDRIO / METAL / PLASTICO / TETRA-BRIK / TELGOPOR;HORARIO DE ATENCION DEL EDIFICIO EN EL QUE ESTA INSTALADO;RUO;AV. LACARRA;1257;;LACARRA AV. 1257;PARQUE AVELLANEDA;COMUNA 9;PARA ENTREGAR LOS MATERIALES, ESTOS DEBEN ESTAR LIMPIOS Y SECOS
-58.4911408878655;-34.6221984221089;71;POLIDEP. POMAR/FLORESTA;PUNTO VERDE DE INTERIOR (TOTEM);PUNTO_VERDE_DE_INTERIOR_TOTEM;PAPEL / CARTON / VIDRIO / METAL / PLASTICO / TETRA-BRIK / TELGOPOR;HORARIO DE ATENCION DEL EDIFICIO EN EL QUE ESTA INSTALADO;ALAMO;MERCEDES;1300;;MERCEDES 1300;FLORESTA;COMUNA 10;PARA ENTREGAR LOS MATERIALES, ESTOS DEBEN ESTAR LIMPIOS Y SECOS
-58.4446228772245;-34.6330462526228;72;POLIDEP. CHACABUCO;PUNTO VERDE DE INTERIOR (TOTEM);PUNTO_VERDE_DE_INTERIOR_TOTEM;PAPEL / CARTON / VIDRIO / METAL / PLASTICO / TETRA-BRIK / TELGOPOR;HORARIO DE ATENCION DEL EDIFICIO EN EL QUE ESTA INSTALADO;AMANECER;AV. EVA PERON;1410;;PERON, EVA AV. 1410;PARQUE CHACABUCO;COMUNA 7;PARA ENTREGAR LOS MATERIALES, ESTOS DEBEN ESTAR LIMPIOS Y SECOS
-58.4439773675627;-34.5800766368987;73;POLIDEP. COLEGIALES;PUNTO VERDE DE INTERIOR (TOTEM);PUNTO_VERDE_DE_INTERIOR_TOTEM;PAPEL / CARTON / VIDRIO / METAL / PLASTICO / TETRA-BRIK / TELGOPOR;HORARIO DE ATENCION DEL EDIFICIO EN EL QUE ESTA INSTALADO;AMANECER;GRAL. RAMON FREIRE;120;;FREIRE, RAMON, CAP. GRAL. 120;COLEGIALES;COMUNA 13;PARA ENTREGAR LOS MATERIALES, ESTOS DEBEN ESTAR LIMPIOS Y SECOS
-58.4413791624756;-34.5870242659301;74;SEDE COMUNA 15;PUNTO VERDE DE INTERIOR (TOTEM);PUNTO_VERDE_DE_INTERIOR_TOTEM;PAPEL / CARTON / VIDRIO / METAL / PLASTICO / TETRA-BRIK / TELGOPOR;HORARIO DE ATENCION DEL EDIFICIO EN EL QUE ESTA INSTALADO;AMANECER;AV. CORDOBA;5690;;CORDOBA  AV. 5690;CHACARITA;COMUNA 15;PARA ENTREGAR LOS MATERIALES, ESTOS DEBEN ESTAR LIMPIOS Y SECOS
-58.3764597451456;-34.6383257297867;75;POLIDEP. DON PEPE;PUNTO VERDE DE INTERIOR (TOTEM);PUNTO_VERDE_DE_INTERIOR_TOTEM;PAPEL / CARTON / VIDRIO / METAL / PLASTICO / TETRA-BRIK / TELGOPOR;HORARIO DE ATENCION DEL EDIFICIO EN EL QUE ESTA INSTALADO;EL TREBOL;HORNOS, GRAL.;0;BRANDSEN;HORNOS, GRAL. Y BRANDSEN;BARRACAS;COMUNA 4;PARA ENTREGAR LOS MATERIALES, ESTOS DEBEN ESTAR LIMPIOS Y SECOS
-58.3893810778778;-34.6492714126869;76;POLIDEP. PEREYRA;PUNTO VERDE DE INTERIOR (TOTEM);PUNTO_VERDE_DE_INTERIOR_TOTEM;PAPEL / CARTON / VIDRIO / METAL / PLASTICO / TETRA-BRIK / TELGOPOR;HORARIO DE ATENCION DEL EDIFICIO EN EL QUE ESTA INSTALADO;ALELI;VELEZ SARSFIELD AV.;1271;;VELEZ SARSFIELD AV. 1271;BARRACAS;COMUNA 4;PARA ENTREGAR LOS MATERIALES, ESTOS DEBEN ESTAR LIMPIOS Y SECOS
-58.4895581665985;-34.5727206585401;77;PLAZA ECHEVERRIA;PUNTO VERDE CON ATENCION;PUNTO_VERDE_CON_ATENCION;PAPEL / CARTON / VIDRIO / METAL / PLASTICO / TETRA-BRIK / TELGOPOR / ACEITE VEGETAL USADO;MIERCOLES A DOMINGOS DE 11 A 19 HS.;AMANECER;DR. PEDRO IGNACIO RIVERA;0;BAUNESS;RIVERA, PEDRO I., DR. Y BAUNESS;VILLA URQUIZA;COMUNA 12;PARA ENTREGAR LOS MATERIALES, ESTOS DEBEN ESTAR LIMPIOS Y SECOS
-58.5201521263427;-34.657455974583;78;PLAZA ROMULO ZABALA;PUNTO VERDE CON ATENCION;PUNTO_VERDE_CON_ATENCION;PAPEL / CARTON / VIDRIO / METAL / PLASTICO / TETRA-BRIK / TELGOPOR / ACEITE VEGETAL USADO;MIERCOLES A DOMINGOS DE 11 A 19 HS.;RECOLECTORES DEL OESTE;ERCILLA;7502;;ERCILLA 7502;MATADEROS;COMUNA 9;PARA ENTREGAR LOS MATERIALES, ESTOS DEBEN ESTAR LIMPIOS Y SECOS
-58.4828287258579;-34.5686541957371;79;SEDE COMUNA 12;PUNTO VERDE DE INTERIOR (TOTEM);PUNTO_VERDE_DE_INTERIOR_TOTEM;PAPEL / CARTON / VIDRIO / METAL / PLASTICO / TETRA-BRIK / TELGOPOR;HORARIO DE ATENCION DEL EDIFICIO EN EL QUE ESTA INSTALADO;AMANECER;MILLER;2751;;MILLER 2751;VILLA URQUIZA;COMUNA 12;PARA ENTREGAR LOS MATERIALES, ESTOS DEBEN ESTAR LIMPIOS Y SECOS
-58.4088738384059;-34.6395692943904;80;POLIDEP. PATRICIOS;PUNTO VERDE DE INTERIOR (TOTEM);PUNTO_VERDE_DE_INTERIOR_TOTEM;PAPEL / CARTON / VIDRIO / METAL / PLASTICO / TETRA-BRIK / TELGOPOR;HORARIO DE ATENCION DEL EDIFICIO EN EL QUE ESTA INSTALADO;TRABAJO Y DIGNIDAD;PEPIRI;135;;PEPIRI 135;PARQUE PATRICIOS;COMUNA 4;PARA ENTREGAR LOS MATERIALES, ESTOS DEBEN ESTAR LIMPIOS Y SECOS
-58.4085324438706;-34.6262507788921;81;POLIDEP. MARTIN FIERRO;PUNTO VERDE DE INTERIOR (TOTEM);PUNTO_VERDE_DE_INTERIOR_TOTEM;PAPEL / CARTON / VIDRIO / METAL / PLASTICO / TETRA-BRIK / TELGOPOR;HORARIO DE ATENCION DEL EDIFICIO EN EL QUE ESTA INSTALADO;AMANECER;ORURO;1310;;ORURO 1310;SAN CRISTOBAL;COMUNA 3;PARA ENTREGAR LOS MATERIALES, ESTOS DEBEN ESTAR LIMPIOS Y SECOS
-58.4022363372085;-34.5734402977984;82;POLIDEP. MANUEL BELGRANO;PUNTO VERDE DE INTERIOR (TOTEM);PUNTO_VERDE_DE_INTERIOR_TOTEM;PAPEL / CARTON / VIDRIO / METAL / PLASTICO / TETRA-BRIK / TELGOPOR;HORARIO DE ATENCION DEL EDIFICIO EN EL QUE ESTA INSTALADO;AMANECER;SALGUERO;3450;;SALGUERO, JERONIMO 3450;RECOLETA;COMUNA 2;PARA ENTREGAR LOS MATERIALES, ESTOS DEBEN ESTAR LIMPIOS Y SECOS
-58.4839485277984;-34.6470681426592;83;PLAZA DOMINGO OLIVERA;PUNTO VERDE CON ATENCION;PUNTO_VERDE_CON_ATENCION;PAPEL / CARTON / VIDRIO / METAL / PLASTICO / TETRA-BRIK / TELGOPOR / ACEITE VEGETAL USADO;MIERCOLES A DOMINGOS DE 11 A 19 HS.;RUO;OLIVERA;824;;OLIVERA AV. 824;PARQUE AVELLANEDA;COMUNA 9;PARA ENTREGAR LOS MATERIALES, ESTOS DEBEN ESTAR LIMPIOS Y SECOS
-58.4300805196272;-34.5737040539017;84;MINISTERIO DE DESARROLLO SOCIAL;PUNTO VERDE DE INTERIOR (TOTEM);PUNTO_VERDE_DE_INTERIOR_TOTEM;PAPEL / CARTON / VIDRIO / METAL / PLASTICO / TETRA-BRIK / TELGOPOR;HORARIO DE ATENCION DEL EDIFICIO EN EL QUE ESTA INSTALADO;AMANECER;HUERGO;131;;HUERGO 131;PALERMO;COMUNA 14;PARA ENTREGAR LOS MATERIALES, ESTOS DEBEN ESTAR LIMPIOS Y SECOS
-58.3786195017576;-34.6415817701736;85;SUBSEDE COMUNA 4;PUNTO VERDE DE INTERIOR (TOTEM);PUNTO_VERDE_DE_INTERIOR_TOTEM;PAPEL / CARTON / VIDRIO / METAL / PLASTICO / TETRA-BRIK / TELGOPOR;HORARIO DE ATENCION DEL EDIFICIO EN EL QUE ESTA INSTALADO;EL TREBOL;SUAREZ;2032;;SUAREZ AV. 2032;BARRACAS;COMUNA 4;PARA ENTREGAR LOS MATERIALES, ESTOS DEBEN ESTAR LIMPIOS Y SECOS
-58.4551829280695;-34.6848371251755;86;LICENCIAS;PUNTO VERDE DE INTERIOR (TOTEM);PUNTO_VERDE_DE_INTERIOR_TOTEM;PAPEL / CARTON / VIDRIO / METAL / PLASTICO / TETRA-BRIK / TELGOPOR;HORARIO DE ATENCION DEL EDIFICIO EN EL QUE ESTA INSTALADO;BAIRES CERO;AV. ROCA;5252;;ROCA, CNEL. AV. 5252;VILLA RIACHUELO;COMUNA 8;PARA ENTREGAR LOS MATERIALES, ESTOS DEBEN ESTAR LIMPIOS Y SECOS
-58.4384061211872;-34.5471535013155;87;FADU/CIUDAD UNIVERSITARIA;PUNTO VERDE CON ATENCION;PUNTO_VERDE_CON_ATENCION;PAPEL / CARTON / VIDRIO / METAL / PLASTICO / TETRA-BRIK / TELGOPOR / ACEITE VEGETAL USADO;MIERCOLES A DOMINGOS DE 11 A 19 HS.;MADRESELVA;INTENDENTE GUIRALDES;2160;;GUIRALDES, INT. 2160;BELGRANO;COMUNA 13;PARA ENTREGAR LOS MATERIALES, ESTOS DEBEN ESTAR LIMPIOS Y SECOS
-58.4498952817886;-34.5579560095467;88;BARRIO CHINO;PUNTO VERDE COMPACTADOR;PUNTO_VERDE_COMPACTADOR;PAPEL / CARTON / VIDRIO / METAL / PLASTICO / TETRA-BRIK / TELGOPOR;LUNES A DOMINGO, LAS 24 HS.;MADRESELVA;ARRIBEÑOS;2100;;ARRIBEÑOS 2101;BELGRANO;COMUNA 13;PARA ENTREGAR LOS MATERIALES, ESTOS DEBEN ESTAR LIMPIOS Y SECOS
-58.3694485902849;-34.6283216878452;89;PARQUE LEZAMA;PUNTO VERDE COMPACTADOR;PUNTO_VERDE_COMPACTADOR;PAPEL / CARTON / VIDRIO / METAL / PLASTICO / TETRA-BRIK / TELGOPOR;LUNES A DOMINGO, LAS 24 HS.;EL TREBOL;MARTIN GARCIA;0;IRALA;GARCIA, MARTIN AV. E IRALA;SAN TELMO;COMUNA 1;PARA ENTREGAR LOS MATERIALES, ESTOS DEBEN ESTAR LIMPIOS Y SECOS
-58.4259271985275;-34.5887304859498;90;PLAZA ARMENIA;PUNTO VERDE COMPACTADOR;PUNTO_VERDE_COMPACTADOR;PAPEL / CARTON / VIDRIO / METAL / PLASTICO / TETRA-BRIK / TELGOPOR;LUNES A DOMINGO, LAS 24 HS.;CEIBO;COSTA RICA;0;ARMENIA;COSTA RICA Y ARMENIA;PALERMO;COMUNA 14;PARA ENTREGAR LOS MATERIALES, ESTOS DEBEN ESTAR LIMPIOS Y SECOS
-58.4488317966911;-34.6184552259874;91;CLUB FERRO CARRIL OESTE;PUNTO VERDE DE INTERIOR (TOTEM);PUNTO_VERDE_DE_INTERIOR_TOTEM;PAPEL / CARTON / VIDRIO / METAL / PLASTICO / TETRA-BRIK / TELGOPOR;HORARIO DE ATENCION DEL EDIFICIO EN EL QUE ESTA INSTALADO;RUO;AVELLANEDA;1240;;AVELLANEDA  AV. 1240;CABALLITO;COMUNA 6;PARA ENTREGAR LOS MATERIALES, ESTOS DEBEN ESTAR LIMPIOS Y SECOS
-58.3936882338227;-34.5890554209472;92;SUBSEDE COMUNA 2;PUNTO VERDE DE INTERIOR (TOTEM);PUNTO_VERDE_DE_INTERIOR_TOTEM;PAPEL / CARTON / VIDRIO / METAL / PLASTICO / TETRA-BRIK / TELGOPOR;HORARIO DE ATENCION DEL EDIFICIO EN EL QUE ESTA INSTALADO;CEIBO;VICENTE LOPEZ;2050;;LOPEZ, VICENTE 2050;RECOLETA;COMUNA 2;PARA ENTREGAR LOS MATERIALES, ESTOS DEBEN ESTAR LIMPIOS Y SECOS
-58.3821893604877;-34.5952333112645;93;METROBUS;TOTEM VIA PUBLICA;TOTEM_VIA_PUBLICA;PAPEL / CARTON / VIDRIO / METAL / PLASTICO / TETRA-BRIK / TELGOPOR;LUNES A DOMINGO, LAS 24 HS.;AMANECER;9 DE JULIO Y SANTA FE;0;;9 DE JULIO AV. Y SANTA FE AV.;RETIRO;COMUNA 1;PARA ENTREGAR LOS MATERIALES, ESTOS DEBEN ESTAR LIMPIOS Y SECOS
